IndicatorCode,Indicator,ValueType,ParentLocationCode,ParentLocation,Location type,SpatialDimValueCode,Location,Period type,VALUE2016,VALUE2017,VALUE2018,VALUE2019,Period,IsLatestYear,Dim1 type,Dim1,Dim1ValueCode,Dim2 type,Dim2,Dim2ValueCode,Dim3 type,Dim3,Dim3ValueCode,DataSourceDimValueCode,DataSource,FactValueNumericPrefix,FactValueNumeric,FactValueUoM,FactValueNumericLowPrefix,FactValueNumericLow,FactValueNumericHighPrefix,FactValueNumericHigh,Value,FactValueTranslationID,FactComments,Language,DateModified
GHED_PVT-D_pc_US_SHA2011,Domestic private health expenditure (PVT-D) per capita in US$,numeric,EMR,Eastern Mediterranean,Country,AFG,Afghanistan,Year,45.73,,,,2016,FALSE,,,,,,,,,,,,,45.73,,,,,,45.73,,,EN,2021-12-14T23:00:00.000Z
GHED_PVT-D_pc_US_SHA2011,Domestic private health expenditure (PVT-D) per capita in US$,numeric,EUR,Europe,Country,ALB,Albania,Year,84.38,,,,2016,FALSE,,,,,,,,,,,,,84.38,,,,,,84.38,,,EN,2021-12-14T23:00:00.000Z
GHED_PVT-D_pc_US_SHA2011,Domestic private health expenditure (PVT-D) per capita in US$,numeric,AFR,Africa,Country,DZA,Algeria,Year,84.21,,,,2016,FALSE,,,,,,,,,,,,,84.21,,,,,,84.21,,,EN,2021-12-14T23:00:00.000Z
GHED_PVT-D_pc_US_SHA2011,Domestic private health expenditure (PVT-D) per capita in US$,numeric,WPR,Western Pacific,Country,AUS,Australia,Year,1571,,,,2016,FALSE,,,,,,,,,,,,,1571,,,,,,"1,571",,,EN,2021-12-14T23:00:00.000Z
GHED_PVT-D_pc_US_SHA2011,Domestic private health expenditure (PVT-D) per capita in US$,numeric,EUR,Europe,Country,AUT,Austria,Year,1302,,,,2016,FALSE,,,,,,,,,,,,,1302,,,,,,"1,302",,,EN,2021-12-14T23:00:00.000Z
GHED_PVT-D_pc_US_SHA2011,Domestic private health expenditure (PVT-D) per capita in US$,numeric,EUR,Europe,Country,AZE,Azerbaijan,Year,111,,,,2016,FALSE,,,,,,,,,,,,,111,,,,,,111,,,EN,2021-12-14T23:00:00.000Z
GHED_PVT-D_pc_US_SHA2011,Domestic private health expenditure (PVT-D) per capita in US$,numeric,SEAR,South-East Asia,Country,BGD,Bangladesh,Year,26.19,,,,2016,FALSE,,,,,,,,,,,,,26.19,,,,,,26.19,,,EN,2021-12-14T23:00:00.000Z
GHED_PVT-D_pc_US_SHA2011,Domestic private health expenditure (PVT-D) per capita in US$,numeric,EUR,Europe,Country,BEL,Belgium,Year,1032,,,,2016,FALSE,,,,,,,,,,,,,1032,,,,,,"1,032",,,EN,2021-12-14T23:00:00.000Z
GHED_PVT-D_pc_US_SHA2011,Domestic private health expenditure (PVT-D) per capita in US$,numeric,AFR,Africa,Country,BEN,Benin,Year,14.43,,,,2016,FALSE,,,,,,,,,,,,,14.43,,,,,,14.43,,,EN,2021-12-14T23:00:00.000Z
GHED_PVT-D_pc_US_SHA2011,Domestic private health expenditure (PVT-D) per capita in US$,numeric,SEAR,South-East Asia,Country,BTN,Bhutan,Year,21.05,,,,2016,FALSE,,,,,,,,,,,,,21.05,,,,,,21.05,,,EN,2021-12-14T23:00:00.000Z
GHED_PVT-D_pc_US_SHA2011,Domestic private health expenditure (PVT-D) per capita in US$,numeric,AMR,Americas,Country,BOL,Bolivia (Plurinational State of),Year,67.15,,,,2016,FALSE,,,,,,,,,,,,,67.15,,,,,,67.15,,,EN,2021-12-14T23:00:00.000Z
GHED_PVT-D_pc_US_SHA2011,Domestic private health expenditure (PVT-D) per capita in US$,numeric,EUR,Europe,Country,BIH,Bosnia and Herzegovina,Year,133.6,,,,2016,FALSE,,,,,,,,,,,,,133.6,,,,,,133.6,,,EN,2021-12-14T23:00:00.000Z
GHED_PVT-D_pc_US_SHA2011,Domestic private health expenditure (PVT-D) per capita in US$,numeric,AFR,Africa,Country,BWA,Botswana,Year,112,,,,2016,FALSE,,,,,,,,,,,,,112,,,,,,112,,,EN,2021-12-14T23:00:00.000Z
GHED_PVT-D_pc_US_SHA2011,Domestic private health expenditure (PVT-D) per capita in US$,numeric,AMR,Americas,Country,BRA,Brazil,Year,454.1,,,,2016,FALSE,,,,,,,,,,,,,454.1,,,,,,454.1,,,EN,2021-12-14T23:00:00.000Z
GHED_PVT-D_pc_US_SHA2011,Domestic private health expenditure (PVT-D) per capita in US$,numeric,AFR,Africa,Country,BFA,Burkina Faso,Year,14.93,,,,2016,FALSE,,,,,,,,,,,,,14.93,,,,,,14.93,,,EN,2021-12-14T23:00:00.000Z
GHED_PVT-D_pc_US_SHA2011,Domestic private health expenditure (PVT-D) per capita in US$,numeric,AMR,Americas,Country,CAN,Canada,Year,1405,,,,2016,FALSE,,,,,,,,,,,,,1405,,,,,,"1,405",,,EN,2021-12-14T23:00:00.000Z
GHED_PVT-D_pc_US_SHA2011,Domestic private health expenditure (PVT-D) per capita in US$,numeric,AFR,Africa,Country,CAF,Central African Republic,Year,12.3,,,,2016,FALSE,,,,,,,,,,,,,12.3,,,,,,12.3,,,EN,2021-12-14T23:00:00.000Z
GHED_PVT-D_pc_US_SHA2011,Domestic private health expenditure (PVT-D) per capita in US$,numeric,AFR,Africa,Country,TCD,Chad,Year,21.81,,,,2016,FALSE,,,,,,,,,,,,,21.81,,,,,,21.81,,,EN,2021-12-14T23:00:00.000Z
GHED_PVT-D_pc_US_SHA2011,Domestic private health expenditure (PVT-D) per capita in US$,numeric,AMR,Americas,Country,CHL,Chile,Year,589.9,,,,2016,FALSE,,,,,,,,,,,,,589.9,,,,,,589.9,,,EN,2021-12-14T23:00:00.000Z
GHED_PVT-D_pc_US_SHA2011,Domestic private health expenditure (PVT-D) per capita in US$,numeric,WPR,Western Pacific,Country,CHN,China,Year,165.6,,,,2016,FALSE,,,,,,,,,,,,,165.6,,,,,,165.6,,,EN,2021-12-14T23:00:00.000Z
GHED_PVT-D_pc_US_SHA2011,Domestic private health expenditure (PVT-D) per capita in US$,numeric,AMR,Americas,Country,COL,Colombia,Year,131.2,,,,2016,FALSE,,,,,,,,,,,,,131.2,,,,,,131.2,,,EN,2021-12-14T23:00:00.000Z
GHED_PVT-D_pc_US_SHA2011,Domestic private health expenditure (PVT-D) per capita in US$,numeric,AFR,Africa,Country,COM,Comoros,Year,44.42,,,,2016,FALSE,,,,,,,,,,,,,44.42,,,,,,44.42,,,EN,2021-12-14T23:00:00.000Z
GHED_PVT-D_pc_US_SHA2011,Domestic private health expenditure (PVT-D) per capita in US$,numeric,AFR,Africa,Country,COG,Congo,Year,29.45,,,,2016,FALSE,,,,,,,,,,,,,29.45,,,,,,29.45,,,EN,2021-12-14T23:00:00.000Z
GHED_PVT-D_pc_US_SHA2011,Domestic private health expenditure (PVT-D) per capita in US$,numeric,AMR,Americas,Country,CRI,Costa Rica,Year,234.2,,,,2016,FALSE,,,,,,,,,,,,,234.2,,,,,,234.2,,,EN,2021-12-14T23:00:00.000Z
GHED_PVT-D_pc_US_SHA2011,Domestic private health expenditure (PVT-D) per capita in US$,numeric,AFR,Africa,Country,CIV,Côte d’Ivoire,Year,40.07,,,,2016,FALSE,,,,,,,,,,,,,40.07,,,,,,40.07,,,EN,2021-12-14T23:00:00.000Z
GHED_PVT-D_pc_US_SHA2011,Domestic private health expenditure (PVT-D) per capita in US$,numeric,EUR,Europe,Country,HRV,Croatia,Year,144.9,,,,2016,FALSE,,,,,,,,,,,,,144.9,,,,,,144.9,,,EN,2021-12-14T23:00:00.000Z
GHED_PVT-D_pc_US_SHA2011,Domestic private health expenditure (PVT-D) per capita in US$,numeric,AMR,Americas,Country,CUB,Cuba,Year,101.3,,,,2016,FALSE,,,,,,,,,,,,,101.3,,,,,,101.3,,,EN,2021-12-14T23:00:00.000Z
GHED_PVT-D_pc_US_SHA2011,Domestic private health expenditure (PVT-D) per capita in US$,numeric,EUR,Europe,Country,DNK,Denmark,Year,883.7,,,,2016,FALSE,,,,,,,,,,,,,883.7,,,,,,883.7,,,EN,2021-12-14T23:00:00.000Z
GHED_PVT-D_pc_US_SHA2011,Domestic private health expenditure (PVT-D) per capita in US$,numeric,EMR,Eastern Mediterranean,Country,DJI,Djibouti,Year,18.87,,,,2016,FALSE,,,,,,,,,,,,,18.87,,,,,,18.87,,,EN,2021-12-14T23:00:00.000Z
GHED_PVT-D_pc_US_SHA2011,Domestic private health expenditure (PVT-D) per capita in US$,numeric,AMR,Americas,Country,DMA,Dominica,Year,137.2,,,,2016,FALSE,,,,,,,,,,,,,137.2,,,,,,137.2,,,EN,2021-12-14T23:00:00.000Z
GHED_PVT-D_pc_US_SHA2011,Domestic private health expenditure (PVT-D) per capita in US$,numeric,AMR,Americas,Country,DOM,Dominican Republic,Year,227.7,,,,2016,FALSE,,,,,,,,,,,,,227.7,,,,,,227.7,,,EN,2021-12-14T23:00:00.000Z
GHED_PVT-D_pc_US_SHA2011,Domestic private health expenditure (PVT-D) per capita in US$,numeric,AMR,Americas,Country,ECU,Ecuador,Year,172.7,,,,2016,FALSE,,,,,,,,,,,,,172.7,,,,,,172.7,,,EN,2021-12-14T23:00:00.000Z
GHED_PVT-D_pc_US_SHA2011,Domestic private health expenditure (PVT-D) per capita in US$,numeric,EMR,Eastern Mediterranean,Country,EGY,Egypt,Year,104.6,,,,2016,FALSE,,,,,,,,,,,,,104.6,,,,,,104.6,,,EN,2021-12-14T23:00:00.000Z
GHED_PVT-D_pc_US_SHA2011,Domestic private health expenditure (PVT-D) per capita in US$,numeric,AMR,Americas,Country,SLV,El Salvador,Year,97.6,,,,2016,FALSE,,,,,,,,,,,,,97.6,,,,,,97.6,,,EN,2021-12-14T23:00:00.000Z
GHED_PVT-D_pc_US_SHA2011,Domestic private health expenditure (PVT-D) per capita in US$,numeric,AFR,Africa,Country,ETH,Ethiopia,Year,13.73,,,,2016,FALSE,,,,,,,,,,,,,13.73,,,,,,13.73,,,EN,2021-12-14T23:00:00.000Z
GHED_PVT-D_pc_US_SHA2011,Domestic private health expenditure (PVT-D) per capita in US$,numeric,WPR,Western Pacific,Country,FJI,Fiji,Year,61.18,,,,2016,FALSE,,,,,,,,,,,,,61.18,,,,,,61.18,,,EN,2021-12-14T23:00:00.000Z
GHED_PVT-D_pc_US_SHA2011,Domestic private health expenditure (PVT-D) per capita in US$,numeric,EUR,Europe,Country,FIN,Finland,Year,910.3,,,,2016,FALSE,,,,,,,,,,,,,910.3,,,,,,910.3,,,EN,2021-12-14T23:00:00.000Z
GHED_PVT-D_pc_US_SHA2011,Domestic private health expenditure (PVT-D) per capita in US$,numeric,EUR,Europe,Country,FRA,France,Year,1059,,,,2016,FALSE,,,,,,,,,,,,,1059,,,,,,"1,059",,,EN,2021-12-14T23:00:00.000Z
GHED_PVT-D_pc_US_SHA2011,Domestic private health expenditure (PVT-D) per capita in US$,numeric,AFR,Africa,Country,GAB,Gabon,Year,75.14,,,,2016,FALSE,,,,,,,,,,,,,75.14,,,,,,75.14,,,EN,2021-12-14T23:00:00.000Z
GHED_PVT-D_pc_US_SHA2011,Domestic private health expenditure (PVT-D) per capita in US$,numeric,AFR,Africa,Country,GMB,Gambia,Year,7.26,,,,2016,FALSE,,,,,,,,,,,,,7.26,,,,,,7.26,,,EN,2021-12-14T23:00:00.000Z
GHED_PVT-D_pc_US_SHA2011,Domestic private health expenditure (PVT-D) per capita in US$,numeric,EUR,Europe,Country,GEO,Georgia,Year,184.3,,,,2016,FALSE,,,,,,,,,,,,,184.3,,,,,,184.3,,,EN,2021-12-14T23:00:00.000Z
GHED_PVT-D_pc_US_SHA2011,Domestic private health expenditure (PVT-D) per capita in US$,numeric,EUR,Europe,Country,DEU,Germany,Year,1078,,,,2016,FALSE,,,,,,,,,,,,,1078,,,,,,"1,078",,,EN,2021-12-14T23:00:00.000Z
GHED_PVT-D_pc_US_SHA2011,Domestic private health expenditure (PVT-D) per capita in US$,numeric,AFR,Africa,Country,GHA,Ghana,Year,32.66,,,,2016,FALSE,,,,,,,,,,,,,32.66,,,,,,32.66,,,EN,2021-12-14T23:00:00.000Z
GHED_PVT-D_pc_US_SHA2011,Domestic private health expenditure (PVT-D) per capita in US$,numeric,EUR,Europe,Country,GRC,Greece,Year,708.7,,,,2016,FALSE,,,,,,,,,,,,,708.7,,,,,,708.7,,,EN,2021-12-14T23:00:00.000Z
GHED_PVT-D_pc_US_SHA2011,Domestic private health expenditure (PVT-D) per capita in US$,numeric,EUR,Europe,Country,HUN,Hungary,Year,295.2,,,,2016,FALSE,,,,,,,,,,,,,295.2,,,,,,295.2,,,EN,2021-12-14T23:00:00.000Z
GHED_PVT-D_pc_US_SHA2011,Domestic private health expenditure (PVT-D) per capita in US$,numeric,EUR,Europe,Country,ISL,Iceland,Year,937.2,,,,2016,FALSE,,,,,,,,,,,,,937.2,,,,,,937.2,,,EN,2021-12-14T23:00:00.000Z
GHED_PVT-D_pc_US_SHA2011,Domestic private health expenditure (PVT-D) per capita in US$,numeric,SEAR,South-East Asia,Country,IND,India,Year,43.95,,,,2016,FALSE,,,,,,,,,,,,,43.95,,,,,,43.95,,,EN,2021-12-14T23:00:00.000Z
GHED_PVT-D_pc_US_SHA2011,Domestic private health expenditure (PVT-D) per capita in US$,numeric,SEAR,South-East Asia,Country,IDN,Indonesia,Year,58.07,,,,2016,FALSE,,,,,,,,,,,,,58.07,,,,,,58.07,,,EN,2021-12-14T23:00:00.000Z
GHED_PVT-D_pc_US_SHA2011,Domestic private health expenditure (PVT-D) per capita in US$,numeric,EMR,Eastern Mediterranean,Country,IRN,Iran (Islamic Republic of),Year,226.2,,,,2016,FALSE,,,,,,,,,,,,,226.2,,,,,,226.2,,,EN,2021-12-14T23:00:00.000Z
GHED_PVT-D_pc_US_SHA2011,Domestic private health expenditure (PVT-D) per capita in US$,numeric,EMR,Eastern Mediterranean,Country,IRQ,Iraq,Year,126.4,,,,2016,FALSE,,,,,,,,,,,,,126.4,,,,,,126.4,,,EN,2021-12-14T23:00:00.000Z
GHED_PVT-D_pc_US_SHA2011,Domestic private health expenditure (PVT-D) per capita in US$,numeric,EUR,Europe,Country,IRL,Ireland,Year,1285,,,,2016,FALSE,,,,,,,,,,,,,1285,,,,,,"1,285",,,EN,2021-12-14T23:00:00.000Z
GHED_PVT-D_pc_US_SHA2011,Domestic private health expenditure (PVT-D) per capita in US$,numeric,EUR,Europe,Country,ISR,Israel,Year,996.2,,,,2016,FALSE,,,,,,,,,,,,,996.2,,,,,,996.2,,,EN,2021-12-14T23:00:00.000Z
GHED_PVT-D_pc_US_SHA2011,Domestic private health expenditure (PVT-D) per capita in US$,numeric,EUR,Europe,Country,ITA,Italy,Year,691.1,,,,2016,FALSE,,,,,,,,,,,,,691.1,,,,,,691.1,,,EN,2021-12-14T23:00:00.000Z
GHED_PVT-D_pc_US_SHA2011,Domestic private health expenditure (PVT-D) per capita in US$,numeric,AMR,Americas,Country,JAM,Jamaica,Year,96.18,,,,2016,FALSE,,,,,,,,,,,,,96.18,,,,,,96.18,,,EN,2021-12-14T23:00:00.000Z
GHED_PVT-D_pc_US_SHA2011,Domestic private health expenditure (PVT-D) per capita in US$,numeric,WPR,Western Pacific,Country,JPN,Japan,Year,666.4,,,,2016,FALSE,,,,,,,,,,,,,666.4,,,,,,666.4,,,EN,2021-12-14T23:00:00.000Z
GHED_PVT-D_pc_US_SHA2011,Domestic private health expenditure (PVT-D) per capita in US$,numeric,AMR,Americas,Country,MEX,Mexico,Year,236.6,,,,2016,FALSE,,,,,,,,,,,,,236.6,,,,,,236.6,,,EN,2021-12-14T23:00:00.000Z
GHED_PVT-D_pc_US_SHA2011,Domestic private health expenditure (PVT-D) per capita in US$,numeric,EUR,Europe,Country,NOR,Norway,Year,1096,,,,2016,FALSE,,,,,,,,,,,,,1096,,,,,,"1,096",,,EN,2021-12-14T23:00:00.000Z
GHED_PVT-D_pc_US_SHA2011,Domestic private health expenditure (PVT-D) per capita in US$,numeric,EMR,Eastern Mediterranean,Country,OMN,Oman,Year,70.73,,,,2016,FALSE,,,,,,,,,,,,,70.73,,,,,,70.73,,,EN,2021-12-14T23:00:00.000Z
GHED_PVT-D_pc_US_SHA2011,Domestic private health expenditure (PVT-D) per capita in US$,numeric,EMR,Eastern Mediterranean,Country,PAK,Pakistan,Year,26.95,,,,2016,FALSE,,,,,,,,,,,,,26.95,,,,,,26.95,,,EN,2021-12-14T23:00:00.000Z
GHED_PVT-D_pc_US_SHA2011,Domestic private health expenditure (PVT-D) per capita in US$,numeric,WPR,Western Pacific,Country,KOR,Republic of Korea,Year,863.9,,,,2016,FALSE,,,,,,,,,,,,,863.9,,,,,,863.9,,,EN,2021-12-14T23:00:00.000Z
GHED_PVT-D_pc_US_SHA2011,Domestic private health expenditure (PVT-D) per capita in US$,numeric,EUR,Europe,Country,RUS,Russian Federation,Year,200.1,,,,2016,FALSE,,,,,,,,,,,,,200.1,,,,,,200.1,,,EN,2021-12-14T23:00:00.000Z
GHED_PVT-D_pc_US_SHA2011,Domestic private health expenditure (PVT-D) per capita in US$,numeric,AFR,Africa,Country,RWA,Rwanda,Year,12.78,,,,2016,FALSE,,,,,,,,,,,,,12.78,,,,,,12.78,,,EN,2021-12-14T23:00:00.000Z
GHED_PVT-D_pc_US_SHA2011,Domestic private health expenditure (PVT-D) per capita in US$,numeric,EUR,Europe,Country,ESP,Spain,Year,676.1,,,,2016,FALSE,,,,,,,,,,,,,676.1,,,,,,676.1,,,EN,2021-12-14T23:00:00.000Z
GHED_PVT-D_pc_US_SHA2011,Domestic private health expenditure (PVT-D) per capita in US$,numeric,SEAR,South-East Asia,Country,LKA,Sri Lanka,Year,84.84,,,,2016,FALSE,,,,,,,,,,,,,84.84,,,,,,84.84,,,EN,2021-12-14T23:00:00.000Z
GHED_PVT-D_pc_US_SHA2011,Domestic private health expenditure (PVT-D) per capita in US$,numeric,EMR,Eastern Mediterranean,Country,SDN,Sudan,Year,123.5,,,,2016,FALSE,,,,,,,,,,,,,123.5,,,,,,123.5,,,EN,2021-12-14T23:00:00.000Z
GHED_PVT-D_pc_US_SHA2011,Domestic private health expenditure (PVT-D) per capita in US$,numeric,AMR,Americas,Country,SUR,Suriname,Year,129.2,,,,2016,FALSE,,,,,,,,,,,,,129.2,,,,,,129.2,,,EN,2021-12-14T23:00:00.000Z
GHED_PVT-D_pc_US_SHA2011,Domestic private health expenditure (PVT-D) per capita in US$,numeric,EUR,Europe,Country,SWE,Sweden,Year,894,,,,2016,FALSE,,,,,,,,,,,,,894,,,,,,894,,,EN,2021-12-14T23:00:00.000Z
GHED_PVT-D_pc_US_SHA2011,Domestic private health expenditure (PVT-D) per capita in US$,numeric,EUR,Europe,Country,CHE,Switzerland,Year,6514,,,,2016,FALSE,,,,,,,,,,,,,6514,,,,,,"6,514",,,EN,2021-12-14T23:00:00.000Z
GHED_PVT-D_pc_US_SHA2011,Domestic private health expenditure (PVT-D) per capita in US$,numeric,EUR,Europe,Country,TJK,Tajikistan,Year,37.22,,,,2016,FALSE,,,,,,,,,,,,,37.22,,,,,,37.22,,,EN,2021-12-14T23:00:00.000Z
GHED_PVT-D_pc_US_SHA2011,Domestic private health expenditure (PVT-D) per capita in US$,numeric,SEAR,South-East Asia,Country,THA,Thailand,Year,53.89,,,,2016,FALSE,,,,,,,,,,,,,53.89,,,,,,53.89,,,EN,2021-12-14T23:00:00.000Z
GHED_PVT-D_pc_US_SHA2011,Domestic private health expenditure (PVT-D) per capita in US$,numeric,EUR,Europe,Country,MKD,The former Yugoslav Republic of Macedonia,Year,116.7,,,,2016,FALSE,,,,,,,,,,,,,116.7,,,,,,116.7,,,EN,2021-12-14T23:00:00.000Z
GHED_PVT-D_pc_US_SHA2011,Domestic private health expenditure (PVT-D) per capita in US$,numeric,SEAR,South-East Asia,Country,TLS,Timor-Leste,Year,10.47,,,,2016,FALSE,,,,,,,,,,,,,10.47,,,,,,10.47,,,EN,2021-12-14T23:00:00.000Z
GHED_PVT-D_pc_US_SHA2011,Domestic private health expenditure (PVT-D) per capita in US$,numeric,AFR,Africa,Country,TGO,Togo,Year,26.97,,,,2016,FALSE,,,,,,,,,,,,,26.97,,,,,,26.97,,,EN,2021-12-14T23:00:00.000Z
GHED_PVT-D_pc_US_SHA2011,Domestic private health expenditure (PVT-D) per capita in US$,numeric,WPR,Western Pacific,Country,TON,Tonga,Year,28.23,,,,2016,FALSE,,,,,,,,,,,,,28.23,,,,,,28.23,,,EN,2021-12-14T23:00:00.000Z
GHED_PVT-D_pc_US_SHA2011,Domestic private health expenditure (PVT-D) per capita in US$,numeric,AMR,Americas,Country,TTO,Trinidad and Tobago,Year,553.1,,,,2016,FALSE,,,,,,,,,,,,,553.1,,,,,,553.1,,,EN,2021-12-14T23:00:00.000Z
GHED_PVT-D_pc_US_SHA2011,Domestic private health expenditure (PVT-D) per capita in US$,numeric,EMR,Eastern Mediterranean,Country,TUN,Tunisia,Year,109.1,,,,2016,FALSE,,,,,,,,,,,,,109.1,,,,,,109.1,,,EN,2021-12-14T23:00:00.000Z
GHED_PVT-D_pc_US_SHA2011,Domestic private health expenditure (PVT-D) per capita in US$,numeric,EUR,Europe,Country,TUR,Turkey,Year,100.6,,,,2016,FALSE,,,,,,,,,,,,,100.6,,,,,,100.6,,,EN,2021-12-14T23:00:00.000Z
GHED_PVT-D_pc_US_SHA2011,Domestic private health expenditure (PVT-D) per capita in US$,numeric,EUR,Europe,Country,TKM,Turkmenistan,Year,343.7,,,,2016,FALSE,,,,,,,,,,,,,343.7,,,,,,343.7,,,EN,2021-12-14T23:00:00.000Z
GHED_PVT-D_pc_US_SHA2011,Domestic private health expenditure (PVT-D) per capita in US$,numeric,WPR,Western Pacific,Country,TUV,Tuvalu,Year,17.9,,,,2016,FALSE,,,,,,,,,,,,,17.9,,,,,,17.9,,,EN,2021-12-14T23:00:00.000Z
GHED_PVT-D_pc_US_SHA2011,Domestic private health expenditure (PVT-D) per capita in US$,numeric,AFR,Africa,Country,UGA,Uganda,Year,16.47,,,,2016,FALSE,,,,,,,,,,,,,16.47,,,,,,16.47,,,EN,2021-12-14T23:00:00.000Z
GHED_PVT-D_pc_US_SHA2011,Domestic private health expenditure (PVT-D) per capita in US$,numeric,EUR,Europe,Country,UKR,Ukraine,Year,79.66,,,,2016,FALSE,,,,,,,,,,,,,79.66,,,,,,79.66,,,EN,2021-12-14T23:00:00.000Z
GHED_PVT-D_pc_US_SHA2011,Domestic private health expenditure (PVT-D) per capita in US$,numeric,EMR,Eastern Mediterranean,Country,ARE,United Arab Emirates,Year,368.5,,,,2016,FALSE,,,,,,,,,,,,,368.5,,,,,,368.5,,,EN,2021-12-14T23:00:00.000Z
GHED_PVT-D_pc_US_SHA2011,Domestic private health expenditure (PVT-D) per capita in US$,numeric,EUR,Europe,Country,GBR,United Kingdom of Great Britain and Northern Ireland,Year,801.3,,,,2016,FALSE,,,,,,,,,,,,,801.3,,,,,,801.3,,,EN,2021-12-14T23:00:00.000Z
GHED_PVT-D_pc_US_SHA2011,Domestic private health expenditure (PVT-D) per capita in US$,numeric,AFR,Africa,Country,TZA,United Republic of Tanzania,Year,8.54,,,,2016,FALSE,,,,,,,,,,,,,8.54,,,,,,8.54,,,EN,2021-12-14T23:00:00.000Z
GHED_PVT-D_pc_US_SHA2011,Domestic private health expenditure (PVT-D) per capita in US$,numeric,AMR,Americas,Country,USA,United States of America,Year,4809,,,,2016,FALSE,,,,,,,,,,,,,4809,,,,,,"4,809",,,EN,2021-12-14T23:00:00.000Z
GHED_PVT-D_pc_US_SHA2011,Domestic private health expenditure (PVT-D) per capita in US$,numeric,WPR,Western Pacific,Country,VNM,Viet Nam,Year,62.37,,,,2016,FALSE,,,,,,,,,,,,,62.37,,,,,,62.37,,,EN,2021-12-14T23:00:00.000Z
GHED_PVT-D_pc_US_SHA2011,Domestic private health expenditure (PVT-D) per capita in US$,numeric,AFR,Africa,Country,ZMB,Zambia,Year,11.02,,,,2016,FALSE,,,,,,,,,,,,,11.02,,,,,,11.02,,,EN,2021-12-14T23:00:00.000Z
GHED_PVT-D_pc_US_SHA2011,Domestic private health expenditure (PVT-D) per capita in US$,numeric,AFR,Africa,Country,ZWE,Zimbabwe,Year,54.84,,,,2016,FALSE,,,,,,,,,,,,,54.84,,,,,,54.84,,,EN,2021-12-14T23:00:00.000Z
GHED_PVT-D_pc_US_SHA2011,Domestic private health expenditure (PVT-D) per capita in US$,numeric,EMR,Eastern Mediterranean,Country,AFG,Afghanistan,Year,,49.6,,,2017,FALSE,,,,,,,,,,,,,49.6,,,,,,49.6,,,EN,2021-12-14T23:00:00.000Z
GHED_PVT-D_pc_US_SHA2011,Domestic private health expenditure (PVT-D) per capita in US$,numeric,EUR,Europe,Country,ALB,Albania,Year,,100.9,,,2017,FALSE,,,,,,,,,,,,,100.9,,,,,,100.9,,,EN,2021-12-14T23:00:00.000Z
GHED_PVT-D_pc_US_SHA2011,Domestic private health expenditure (PVT-D) per capita in US$,numeric,AFR,Africa,Country,DZA,Algeria,Year,,87.79,,,2017,FALSE,,,,,,,,,,,,,87.79,,,,,,87.79,,,EN,2021-12-14T23:00:00.000Z
GHED_PVT-D_pc_US_SHA2011,Domestic private health expenditure (PVT-D) per capita in US$,numeric,WPR,Western Pacific,Country,AUS,Australia,Year,,1672,,,2017,FALSE,,,,,,,,,,,,,1672,,,,,,"1,672",,,EN,2021-12-14T23:00:00.000Z
GHED_PVT-D_pc_US_SHA2011,Domestic private health expenditure (PVT-D) per capita in US$,numeric,EUR,Europe,Country,AUT,Austria,Year,,1398,,,2017,FALSE,,,,,,,,,,,,,1398,,,,,,"1,398",,,EN,2021-12-14T23:00:00.000Z
GHED_PVT-D_pc_US_SHA2011,Domestic private health expenditure (PVT-D) per capita in US$,numeric,EUR,Europe,Country,AZE,Azerbaijan,Year,,112.5,,,2017,FALSE,,,,,,,,,,,,,112.5,,,,,,112.5,,,EN,2021-12-14T23:00:00.000Z
GHED_PVT-D_pc_US_SHA2011,Domestic private health expenditure (PVT-D) per capita in US$,numeric,SEAR,South-East Asia,Country,BGD,Bangladesh,Year,,28.63,,,2017,FALSE,,,,,,,,,,,,,28.63,,,,,,28.63,,,EN,2021-12-14T23:00:00.000Z
GHED_PVT-D_pc_US_SHA2011,Domestic private health expenditure (PVT-D) per capita in US$,numeric,EUR,Europe,Country,BEL,Belgium,Year,,1083,,,2017,FALSE,,,,,,,,,,,,,1083,,,,,,"1,083",,,EN,2021-12-14T23:00:00.000Z
GHED_PVT-D_pc_US_SHA2011,Domestic private health expenditure (PVT-D) per capita in US$,numeric,AFR,Africa,Country,BEN,Benin,Year,,14.71,,,2017,FALSE,,,,,,,,,,,,,14.71,,,,,,14.71,,,EN,2021-12-14T23:00:00.000Z
GHED_PVT-D_pc_US_SHA2011,Domestic private health expenditure (PVT-D) per capita in US$,numeric,SEAR,South-East Asia,Country,BTN,Bhutan,Year,,15.01,,,2017,FALSE,,,,,,,,,,,,,15.01,,,,,,15.01,,,EN,2021-12-14T23:00:00.000Z
GHED_PVT-D_pc_US_SHA2011,Domestic private health expenditure (PVT-D) per capita in US$,numeric,AMR,Americas,Country,BOL,Bolivia (Plurinational State of),Year,,63.44,,,2017,FALSE,,,,,,,,,,,,,63.44,,,,,,63.44,,,EN,2021-12-14T23:00:00.000Z
GHED_PVT-D_pc_US_SHA2011,Domestic private health expenditure (PVT-D) per capita in US$,numeric,EUR,Europe,Country,BIH,Bosnia and Herzegovina,Year,,142.2,,,2017,FALSE,,,,,,,,,,,,,142.2,,,,,,142.2,,,EN,2021-12-14T23:00:00.000Z
GHED_PVT-D_pc_US_SHA2011,Domestic private health expenditure (PVT-D) per capita in US$,numeric,AFR,Africa,Country,BWA,Botswana,Year,,71.32,,,2017,FALSE,,,,,,,,,,,,,71.32,,,,,,71.32,,,EN,2021-12-14T23:00:00.000Z
GHED_PVT-D_pc_US_SHA2011,Domestic private health expenditure (PVT-D) per capita in US$,numeric,AMR,Americas,Country,BRA,Brazil,Year,,547.3,,,2017,FALSE,,,,,,,,,,,,,547.3,,,,,,547.3,,,EN,2021-12-14T23:00:00.000Z
GHED_PVT-D_pc_US_SHA2011,Domestic private health expenditure (PVT-D) per capita in US$,numeric,AFR,Africa,Country,BFA,Burkina Faso,Year,,17.23,,,2017,FALSE,,,,,,,,,,,,,17.23,,,,,,17.23,,,EN,2021-12-14T23:00:00.000Z
GHED_PVT-D_pc_US_SHA2011,Domestic private health expenditure (PVT-D) per capita in US$,numeric,AMR,Americas,Country,CAN,Canada,Year,,1469,,,2017,FALSE,,,,,,,,,,,,,1469,,,,,,"1,469",,,EN,2021-12-14T23:00:00.000Z
GHED_PVT-D_pc_US_SHA2011,Domestic private health expenditure (PVT-D) per capita in US$,numeric,AFR,Africa,Country,CAF,Central African Republic,Year,,17.31,,,2017,FALSE,,,,,,,,,,,,,17.31,,,,,,17.31,,,EN,2021-12-14T23:00:00.000Z
GHED_PVT-D_pc_US_SHA2011,Domestic private health expenditure (PVT-D) per capita in US$,numeric,AFR,Africa,Country,TCD,Chad,Year,,19.71,,,2017,FALSE,,,,,,,,,,,,,19.71,,,,,,19.71,,,EN,2021-12-14T23:00:00.000Z
GHED_PVT-D_pc_US_SHA2011,Domestic private health expenditure (PVT-D) per capita in US$,numeric,AMR,Americas,Country,CHL,Chile,Year,,674.7,,,2017,FALSE,,,,,,,,,,,,,674.7,,,,,,674.7,,,EN,2021-12-14T23:00:00.000Z
GHED_PVT-D_pc_US_SHA2011,Domestic private health expenditure (PVT-D) per capita in US$,numeric,WPR,Western Pacific,Country,CHN,China,Year,,189.5,,,2017,FALSE,,,,,,,,,,,,,189.5,,,,,,189.5,,,EN,2021-12-14T23:00:00.000Z
GHED_PVT-D_pc_US_SHA2011,Domestic private health expenditure (PVT-D) per capita in US$,numeric,AMR,Americas,Country,COL,Colombia,Year,,141.8,,,2017,FALSE,,,,,,,,,,,,,141.8,,,,,,141.8,,,EN,2021-12-14T23:00:00.000Z
GHED_PVT-D_pc_US_SHA2011,Domestic private health expenditure (PVT-D) per capita in US$,numeric,AFR,Africa,Country,COM,Comoros,Year,,46.98,,,2017,FALSE,,,,,,,,,,,,,46.98,,,,,,46.98,,,EN,2021-12-14T23:00:00.000Z
GHED_PVT-D_pc_US_SHA2011,Domestic private health expenditure (PVT-D) per capita in US$,numeric,AFR,Africa,Country,COG,Congo,Year,,29.78,,,2017,FALSE,,,,,,,,,,,,,29.78,,,,,,29.78,,,EN,2021-12-14T23:00:00.000Z
GHED_PVT-D_pc_US_SHA2011,Domestic private health expenditure (PVT-D) per capita in US$,numeric,AMR,Americas,Country,CRI,Costa Rica,Year,,227.7,,,2017,FALSE,,,,,,,,,,,,,227.7,,,,,,227.7,,,EN,2021-12-14T23:00:00.000Z
GHED_PVT-D_pc_US_SHA2011,Domestic private health expenditure (PVT-D) per capita in US$,numeric,AFR,Africa,Country,CIV,Côte d’Ivoire,Year,,40.64,,,2017,FALSE,,,,,,,,,,,,,40.64,,,,,,40.64,,,EN,2021-12-14T23:00:00.000Z
GHED_PVT-D_pc_US_SHA2011,Domestic private health expenditure (PVT-D) per capita in US$,numeric,EUR,Europe,Country,HRV,Croatia,Year,,154.8,,,2017,FALSE,,,,,,,,,,,,,154.8,,,,,,154.8,,,EN,2021-12-14T23:00:00.000Z
GHED_PVT-D_pc_US_SHA2011,Domestic private health expenditure (PVT-D) per capita in US$,numeric,AMR,Americas,Country,CUB,Cuba,Year,,104.9,,,2017,FALSE,,,,,,,,,,,,,104.9,,,,,,104.9,,,EN,2021-12-14T23:00:00.000Z
GHED_PVT-D_pc_US_SHA2011,Domestic private health expenditure (PVT-D) per capita in US$,numeric,EUR,Europe,Country,DNK,Denmark,Year,,926.6,,,2017,FALSE,,,,,,,,,,,,,926.6,,,,,,926.6,,,EN,2021-12-14T23:00:00.000Z
GHED_PVT-D_pc_US_SHA2011,Domestic private health expenditure (PVT-D) per capita in US$,numeric,EMR,Eastern Mediterranean,Country,DJI,Djibouti,Year,,20.02,,,2017,FALSE,,,,,,,,,,,,,20.02,,,,,,20.02,,,EN,2021-12-14T23:00:00.000Z
GHED_PVT-D_pc_US_SHA2011,Domestic private health expenditure (PVT-D) per capita in US$,numeric,AMR,Americas,Country,DMA,Dominica,Year,,117.1,,,2017,FALSE,,,,,,,,,,,,,117.1,,,,,,117.1,,,EN,2021-12-14T23:00:00.000Z
GHED_PVT-D_pc_US_SHA2011,Domestic private health expenditure (PVT-D) per capita in US$,numeric,AMR,Americas,Country,DOM,Dominican Republic,Year,,236.3,,,2017,FALSE,,,,,,,,,,,,,236.3,,,,,,236.3,,,EN,2021-12-14T23:00:00.000Z
GHED_PVT-D_pc_US_SHA2011,Domestic private health expenditure (PVT-D) per capita in US$,numeric,AMR,Americas,Country,ECU,Ecuador,Year,,178.6,,,2017,FALSE,,,,,,,,,,,,,178.6,,,,,,178.6,,,EN,2021-12-14T23:00:00.000Z
GHED_PVT-D_pc_US_SHA2011,Domestic private health expenditure (PVT-D) per capita in US$,numeric,EMR,Eastern Mediterranean,Country,EGY,Egypt,Year,,78.32,,,2017,FALSE,,,,,,,,,,,,,78.32,,,,,,78.32,,,EN,2021-12-14T23:00:00.000Z
GHED_PVT-D_pc_US_SHA2011,Domestic private health expenditure (PVT-D) per capita in US$,numeric,AMR,Americas,Country,SLV,El Salvador,Year,,101.9,,,2017,FALSE,,,,,,,,,,,,,101.9,,,,,,101.9,,,EN,2021-12-14T23:00:00.000Z
GHED_PVT-D_pc_US_SHA2011,Domestic private health expenditure (PVT-D) per capita in US$,numeric,AFR,Africa,Country,ETH,Ethiopia,Year,,9.9,,,2017,FALSE,,,,,,,,,,,,,9.9,,,,,,9.9,,,EN,2021-12-14T23:00:00.000Z
GHED_PVT-D_pc_US_SHA2011,Domestic private health expenditure (PVT-D) per capita in US$,numeric,WPR,Western Pacific,Country,FJI,Fiji,Year,,61.14,,,2017,FALSE,,,,,,,,,,,,,61.14,,,,,,61.14,,,EN,2021-12-14T23:00:00.000Z
GHED_PVT-D_pc_US_SHA2011,Domestic private health expenditure (PVT-D) per capita in US$,numeric,EUR,Europe,Country,FIN,Finland,Year,,930.7,,,2017,FALSE,,,,,,,,,,,,,930.7,,,,,,930.7,,,EN,2021-12-14T23:00:00.000Z
GHED_PVT-D_pc_US_SHA2011,Domestic private health expenditure (PVT-D) per capita in US$,numeric,EUR,Europe,Country,FRA,France,Year,,1063,,,2017,FALSE,,,,,,,,,,,,,1063,,,,,,"1,063",,,EN,2021-12-14T23:00:00.000Z
GHED_PVT-D_pc_US_SHA2011,Domestic private health expenditure (PVT-D) per capita in US$,numeric,AFR,Africa,Country,GAB,Gabon,Year,,72.6,,,2017,FALSE,,,,,,,,,,,,,72.6,,,,,,72.6,,,EN,2021-12-14T23:00:00.000Z
GHED_PVT-D_pc_US_SHA2011,Domestic private health expenditure (PVT-D) per capita in US$,numeric,AFR,Africa,Country,GMB,Gambia,Year,,7.2,,,2017,FALSE,,,,,,,,,,,,,7.2,,,,,,7.2,,,EN,2021-12-14T23:00:00.000Z
GHED_PVT-D_pc_US_SHA2011,Domestic private health expenditure (PVT-D) per capita in US$,numeric,EUR,Europe,Country,GEO,Georgia,Year,,172.8,,,2017,FALSE,,,,,,,,,,,,,172.8,,,,,,172.8,,,EN,2021-12-14T23:00:00.000Z
GHED_PVT-D_pc_US_SHA2011,Domestic private health expenditure (PVT-D) per capita in US$,numeric,EUR,Europe,Country,DEU,Germany,Year,,1126,,,2017,FALSE,,,,,,,,,,,,,1126,,,,,,"1,126",,,EN,2021-12-14T23:00:00.000Z
GHED_PVT-D_pc_US_SHA2011,Domestic private health expenditure (PVT-D) per capita in US$,numeric,AFR,Africa,Country,GHA,Ghana,Year,,36.81,,,2017,FALSE,,,,,,,,,,,,,36.81,,,,,,36.81,,,EN,2021-12-14T23:00:00.000Z
GHED_PVT-D_pc_US_SHA2011,Domestic private health expenditure (PVT-D) per capita in US$,numeric,EUR,Europe,Country,GRC,Greece,Year,,718.6,,,2017,FALSE,,,,,,,,,,,,,718.6,,,,,,718.6,,,EN,2021-12-14T23:00:00.000Z
GHED_PVT-D_pc_US_SHA2011,Domestic private health expenditure (PVT-D) per capita in US$,numeric,EUR,Europe,Country,HUN,Hungary,Year,,312.1,,,2017,FALSE,,,,,,,,,,,,,312.1,,,,,,312.1,,,EN,2021-12-14T23:00:00.000Z
GHED_PVT-D_pc_US_SHA2011,Domestic private health expenditure (PVT-D) per capita in US$,numeric,EUR,Europe,Country,ISL,Iceland,Year,,1108,,,2017,FALSE,,,,,,,,,,,,,1108,,,,,,"1,108",,,EN,2021-12-14T23:00:00.000Z
GHED_PVT-D_pc_US_SHA2011,Domestic private health expenditure (PVT-D) per capita in US$,numeric,SEAR,South-East Asia,Country,IND,India,Year,,38.25,,,2017,FALSE,,,,,,,,,,,,,38.25,,,,,,38.25,,,EN,2021-12-14T23:00:00.000Z
GHED_PVT-D_pc_US_SHA2011,Domestic private health expenditure (PVT-D) per capita in US$,numeric,SEAR,South-East Asia,Country,IDN,Indonesia,Year,,58.88,,,2017,FALSE,,,,,,,,,,,,,58.88,,,,,,58.88,,,EN,2021-12-14T23:00:00.000Z
GHED_PVT-D_pc_US_SHA2011,Domestic private health expenditure (PVT-D) per capita in US$,numeric,EMR,Eastern Mediterranean,Country,IRN,Iran (Islamic Republic of),Year,,233.1,,,2017,FALSE,,,,,,,,,,,,,233.1,,,,,,233.1,,,EN,2021-12-14T23:00:00.000Z
GHED_PVT-D_pc_US_SHA2011,Domestic private health expenditure (PVT-D) per capita in US$,numeric,EMR,Eastern Mediterranean,Country,IRQ,Iraq,Year,,124.5,,,2017,FALSE,,,,,,,,,,,,,124.5,,,,,,124.5,,,EN,2021-12-14T23:00:00.000Z
GHED_PVT-D_pc_US_SHA2011,Domestic private health expenditure (PVT-D) per capita in US$,numeric,EUR,Europe,Country,IRL,Ireland,Year,,1354,,,2017,FALSE,,,,,,,,,,,,,1354,,,,,,"1,354",,,EN,2021-12-14T23:00:00.000Z
GHED_PVT-D_pc_US_SHA2011,Domestic private health expenditure (PVT-D) per capita in US$,numeric,EUR,Europe,Country,ISR,Israel,Year,,1083,,,2017,FALSE,,,,,,,,,,,,,1083,,,,,,"1,083",,,EN,2021-12-14T23:00:00.000Z
GHED_PVT-D_pc_US_SHA2011,Domestic private health expenditure (PVT-D) per capita in US$,numeric,EUR,Europe,Country,ITA,Italy,Year,,738,,,2017,FALSE,,,,,,,,,,,,,738,,,,,,738,,,EN,2021-12-14T23:00:00.000Z
GHED_PVT-D_pc_US_SHA2011,Domestic private health expenditure (PVT-D) per capita in US$,numeric,AMR,Americas,Country,JAM,Jamaica,Year,,101.2,,,2017,FALSE,,,,,,,,,,,,,101.2,,,,,,101.2,,,EN,2021-12-14T23:00:00.000Z
GHED_PVT-D_pc_US_SHA2011,Domestic private health expenditure (PVT-D) per capita in US$,numeric,WPR,Western Pacific,Country,JPN,Japan,Year,,650.5,,,2017,FALSE,,,,,,,,,,,,,650.5,,,,,,650.5,,,EN,2021-12-14T23:00:00.000Z
GHED_PVT-D_pc_US_SHA2011,Domestic private health expenditure (PVT-D) per capita in US$,numeric,AMR,Americas,Country,MEX,Mexico,Year,,250.7,,,2017,FALSE,,,,,,,,,,,,,250.7,,,,,,250.7,,,EN,2021-12-14T23:00:00.000Z
GHED_PVT-D_pc_US_SHA2011,Domestic private health expenditure (PVT-D) per capita in US$,numeric,EUR,Europe,Country,NOR,Norway,Year,,1163,,,2017,FALSE,,,,,,,,,,,,,1163,,,,,,"1,163",,,EN,2021-12-14T23:00:00.000Z
GHED_PVT-D_pc_US_SHA2011,Domestic private health expenditure (PVT-D) per capita in US$,numeric,EMR,Eastern Mediterranean,Country,OMN,Oman,Year,,76.81,,,2017,FALSE,,,,,,,,,,,,,76.81,,,,,,76.81,,,EN,2021-12-14T23:00:00.000Z
GHED_PVT-D_pc_US_SHA2011,Domestic private health expenditure (PVT-D) per capita in US$,numeric,EMR,Eastern Mediterranean,Country,PAK,Pakistan,Year,,28.17,,,2017,FALSE,,,,,,,,,,,,,28.17,,,,,,28.17,,,EN,2021-12-14T23:00:00.000Z
GHED_PVT-D_pc_US_SHA2011,Domestic private health expenditure (PVT-D) per capita in US$,numeric,WPR,Western Pacific,Country,KOR,Republic of Korea,Year,,950.1,,,2017,FALSE,,,,,,,,,,,,,950.1,,,,,,950.1,,,EN,2021-12-14T23:00:00.000Z
GHED_PVT-D_pc_US_SHA2011,Domestic private health expenditure (PVT-D) per capita in US$,numeric,EUR,Europe,Country,RUS,Russian Federation,Year,,248.7,,,2017,FALSE,,,,,,,,,,,,,248.7,,,,,,248.7,,,EN,2021-12-14T23:00:00.000Z
GHED_PVT-D_pc_US_SHA2011,Domestic private health expenditure (PVT-D) per capita in US$,numeric,AFR,Africa,Country,RWA,Rwanda,Year,,12.72,,,2017,FALSE,,,,,,,,,,,,,12.72,,,,,,12.72,,,EN,2021-12-14T23:00:00.000Z
GHED_PVT-D_pc_US_SHA2011,Domestic private health expenditure (PVT-D) per capita in US$,numeric,EUR,Europe,Country,ESP,Spain,Year,,744.6,,,2017,FALSE,,,,,,,,,,,,,744.6,,,,,,744.6,,,EN,2021-12-14T23:00:00.000Z
GHED_PVT-D_pc_US_SHA2011,Domestic private health expenditure (PVT-D) per capita in US$,numeric,SEAR,South-East Asia,Country,LKA,Sri Lanka,Year,,83.4,,,2017,FALSE,,,,,,,,,,,,,83.4,,,,,,83.4,,,EN,2021-12-14T23:00:00.000Z
GHED_PVT-D_pc_US_SHA2011,Domestic private health expenditure (PVT-D) per capita in US$,numeric,EMR,Eastern Mediterranean,Country,SDN,Sudan,Year,,147.6,,,2017,FALSE,,,,,,,,,,,,,147.6,,,,,,147.6,,,EN,2021-12-14T23:00:00.000Z
GHED_PVT-D_pc_US_SHA2011,Domestic private health expenditure (PVT-D) per capita in US$,numeric,AMR,Americas,Country,SUR,Suriname,Year,,138,,,2017,FALSE,,,,,,,,,,,,,138,,,,,,138,,,EN,2021-12-14T23:00:00.000Z
GHED_PVT-D_pc_US_SHA2011,Domestic private health expenditure (PVT-D) per capita in US$,numeric,EUR,Europe,Country,SWE,Sweden,Year,,892.8,,,2017,FALSE,,,,,,,,,,,,,892.8,,,,,,892.8,,,EN,2021-12-14T23:00:00.000Z
GHED_PVT-D_pc_US_SHA2011,Domestic private health expenditure (PVT-D) per capita in US$,numeric,EUR,Europe,Country,CHE,Switzerland,Year,,6575,,,2017,FALSE,,,,,,,,,,,,,6575,,,,,,"6,575",,,EN,2021-12-14T23:00:00.000Z
GHED_PVT-D_pc_US_SHA2011,Domestic private health expenditure (PVT-D) per capita in US$,numeric,EUR,Europe,Country,TJK,Tajikistan,Year,,36.85,,,2017,FALSE,,,,,,,,,,,,,36.85,,,,,,36.85,,,EN,2021-12-14T23:00:00.000Z
GHED_PVT-D_pc_US_SHA2011,Domestic private health expenditure (PVT-D) per capita in US$,numeric,SEAR,South-East Asia,Country,THA,Thailand,Year,,70.82,,,2017,FALSE,,,,,,,,,,,,,70.82,,,,,,70.82,,,EN,2021-12-14T23:00:00.000Z
GHED_PVT-D_pc_US_SHA2011,Domestic private health expenditure (PVT-D) per capita in US$,numeric,EUR,Europe,Country,MKD,The former Yugoslav Republic of Macedonia,Year,,153.7,,,2017,FALSE,,,,,,,,,,,,,153.7,,,,,,153.7,,,EN,2021-12-14T23:00:00.000Z
GHED_PVT-D_pc_US_SHA2011,Domestic private health expenditure (PVT-D) per capita in US$,numeric,SEAR,South-East Asia,Country,TLS,Timor-Leste,Year,,10.08,,,2017,FALSE,,,,,,,,,,,,,10.08,,,,,,10.08,,,EN,2021-12-14T23:00:00.000Z
GHED_PVT-D_pc_US_SHA2011,Domestic private health expenditure (PVT-D) per capita in US$,numeric,AFR,Africa,Country,TGO,Togo,Year,,37.14,,,2017,FALSE,,,,,,,,,,,,,37.14,,,,,,37.14,,,EN,2021-12-14T23:00:00.000Z
GHED_PVT-D_pc_US_SHA2011,Domestic private health expenditure (PVT-D) per capita in US$,numeric,WPR,Western Pacific,Country,TON,Tonga,Year,,31.35,,,2017,FALSE,,,,,,,,,,,,,31.35,,,,,,31.35,,,EN,2021-12-14T23:00:00.000Z
GHED_PVT-D_pc_US_SHA2011,Domestic private health expenditure (PVT-D) per capita in US$,numeric,AMR,Americas,Country,TTO,Trinidad and Tobago,Year,,539.7,,,2017,FALSE,,,,,,,,,,,,,539.7,,,,,,539.7,,,EN,2021-12-14T23:00:00.000Z
GHED_PVT-D_pc_US_SHA2011,Domestic private health expenditure (PVT-D) per capita in US$,numeric,EMR,Eastern Mediterranean,Country,TUN,Tunisia,Year,,103.2,,,2017,FALSE,,,,,,,,,,,,,103.2,,,,,,103.2,,,EN,2021-12-14T23:00:00.000Z
GHED_PVT-D_pc_US_SHA2011,Domestic private health expenditure (PVT-D) per capita in US$,numeric,EUR,Europe,Country,TUR,Turkey,Year,,98.66,,,2017,FALSE,,,,,,,,,,,,,98.66,,,,,,98.66,,,EN,2021-12-14T23:00:00.000Z
GHED_PVT-D_pc_US_SHA2011,Domestic private health expenditure (PVT-D) per capita in US$,numeric,EUR,Europe,Country,TKM,Turkmenistan,Year,,354.4,,,2017,FALSE,,,,,,,,,,,,,354.4,,,,,,354.4,,,EN,2021-12-14T23:00:00.000Z
GHED_PVT-D_pc_US_SHA2011,Domestic private health expenditure (PVT-D) per capita in US$,numeric,WPR,Western Pacific,Country,TUV,Tuvalu,Year,,24.12,,,2017,FALSE,,,,,,,,,,,,,24.12,,,,,,24.12,,,EN,2021-12-14T23:00:00.000Z
GHED_PVT-D_pc_US_SHA2011,Domestic private health expenditure (PVT-D) per capita in US$,numeric,AFR,Africa,Country,UGA,Uganda,Year,,12.55,,,2017,FALSE,,,,,,,,,,,,,12.55,,,,,,12.55,,,EN,2021-12-14T23:00:00.000Z
GHED_PVT-D_pc_US_SHA2011,Domestic private health expenditure (PVT-D) per capita in US$,numeric,EUR,Europe,Country,UKR,Ukraine,Year,,95.82,,,2017,FALSE,,,,,,,,,,,,,95.82,,,,,,95.82,,,EN,2021-12-14T23:00:00.000Z
GHED_PVT-D_pc_US_SHA2011,Domestic private health expenditure (PVT-D) per capita in US$,numeric,EMR,Eastern Mediterranean,Country,ARE,United Arab Emirates,Year,,745.6,,,2017,FALSE,,,,,,,,,,,,,745.6,,,,,,745.6,,,EN,2021-12-14T23:00:00.000Z
GHED_PVT-D_pc_US_SHA2011,Domestic private health expenditure (PVT-D) per capita in US$,numeric,EUR,Europe,Country,GBR,United Kingdom of Great Britain and Northern Ireland,Year,,806.2,,,2017,FALSE,,,,,,,,,,,,,806.2,,,,,,806.2,,,EN,2021-12-14T23:00:00.000Z
GHED_PVT-D_pc_US_SHA2011,Domestic private health expenditure (PVT-D) per capita in US$,numeric,AFR,Africa,Country,TZA,United Republic of Tanzania,Year,,8.81,,,2017,FALSE,,,,,,,,,,,,,8.81,,,,,,8.81,,,EN,2021-12-14T23:00:00.000Z
GHED_PVT-D_pc_US_SHA2011,Domestic private health expenditure (PVT-D) per capita in US$,numeric,AMR,Americas,Country,USA,United States of America,Year,,4986,,,2017,FALSE,,,,,,,,,,,,,4986,,,,,,"4,986",,,EN,2021-12-14T23:00:00.000Z
GHED_PVT-D_pc_US_SHA2011,Domestic private health expenditure (PVT-D) per capita in US$,numeric,WPR,Western Pacific,Country,VNM,Viet Nam,Year,,74.02,,,2017,FALSE,,,,,,,,,,,,,74.02,,,,,,74.02,,,EN,2021-12-14T23:00:00.000Z
GHED_PVT-D_pc_US_SHA2011,Domestic private health expenditure (PVT-D) per capita in US$,numeric,AFR,Africa,Country,ZMB,Zambia,Year,,12.82,,,2017,FALSE,,,,,,,,,,,,,12.82,,,,,,12.82,,,EN,2021-12-14T23:00:00.000Z
GHED_PVT-D_pc_US_SHA2011,Domestic private health expenditure (PVT-D) per capita in US$,numeric,AFR,Africa,Country,ZWE,Zimbabwe,Year,,52.36,,,2017,FALSE,,,,,,,,,,,,,52.36,,,,,,52.36,,,EN,2021-12-14T23:00:00.000Z
GHED_PVT-D_pc_US_SHA2011,Domestic private health expenditure (PVT-D) per capita in US$,numeric,EMR,Eastern Mediterranean,Country,AFG,Afghanistan,Year,,,53.42,,2018,FALSE,,,,,,,,,,,,,53.42,,,,,,53.42,,,EN,2021-12-14T23:00:00.000Z
GHED_PVT-D_pc_US_SHA2011,Domestic private health expenditure (PVT-D) per capita in US$,numeric,EUR,Europe,Country,ALB,Albania,Year,,,122.8,,2018,TRUE,,,,,,,,,,,,,122.8,,,,,,122.8,,,EN,2021-12-14T23:00:00.000Z
GHED_PVT-D_pc_US_SHA2011,Domestic private health expenditure (PVT-D) per capita in US$,numeric,AFR,Africa,Country,DZA,Algeria,Year,,,87.36,,2018,FALSE,,,,,,,,,,,,,87.36,,,,,,87.36,,,EN,2021-12-14T23:00:00.000Z
GHED_PVT-D_pc_US_SHA2011,Domestic private health expenditure (PVT-D) per capita in US$,numeric,WPR,Western Pacific,Country,AUS,Australia,Year,,,1675,,2018,FALSE,,,,,,,,,,,,,1675,,,,,,"1,675",,,EN,2021-12-14T23:00:00.000Z
GHED_PVT-D_pc_US_SHA2011,Domestic private health expenditure (PVT-D) per capita in US$,numeric,EUR,Europe,Country,AUT,Austria,Year,,,1459,,2018,FALSE,,,,,,,,,,,,,1459,,,,,,"1,459",,,EN,2021-12-14T23:00:00.000Z
GHED_PVT-D_pc_US_SHA2011,Domestic private health expenditure (PVT-D) per capita in US$,numeric,EUR,Europe,Country,AZE,Azerbaijan,Year,,,123.3,,2018,FALSE,,,,,,,,,,,,,123.3,,,,,,123.3,,,EN,2021-12-14T23:00:00.000Z
GHED_PVT-D_pc_US_SHA2011,Domestic private health expenditure (PVT-D) per capita in US$,numeric,SEAR,South-East Asia,Country,BGD,Bangladesh,Year,,,32.05,,2018,FALSE,,,,,,,,,,,,,32.05,,,,,,32.05,,,EN,2021-12-14T23:00:00.000Z
GHED_PVT-D_pc_US_SHA2011,Domestic private health expenditure (PVT-D) per capita in US$,numeric,EUR,Europe,Country,BEL,Belgium,Year,,,1190,,2018,FALSE,,,,,,,,,,,,,1190,,,,,,"1,19",,,EN,2021-12-14T23:00:00.000Z
GHED_PVT-D_pc_US_SHA2011,Domestic private health expenditure (PVT-D) per capita in US$,numeric,AFR,Africa,Country,BEN,Benin,Year,,,15.65,,2018,FALSE,,,,,,,,,,,,,15.65,,,,,,15.65,,,EN,2021-12-14T23:00:00.000Z
GHED_PVT-D_pc_US_SHA2011,Domestic private health expenditure (PVT-D) per capita in US$,numeric,SEAR,South-East Asia,Country,BTN,Bhutan,Year,,,14.79,,2018,FALSE,,,,,,,,,,,,,14.79,,,,,,14.79,,,EN,2021-12-14T23:00:00.000Z
GHED_PVT-D_pc_US_SHA2011,Domestic private health expenditure (PVT-D) per capita in US$,numeric,AMR,Americas,Country,BOL,Bolivia (Plurinational State of),Year,,,60.28,,2018,FALSE,,,,,,,,,,,,,60.28,,,,,,60.28,,,EN,2021-12-14T23:00:00.000Z
GHED_PVT-D_pc_US_SHA2011,Domestic private health expenditure (PVT-D) per capita in US$,numeric,EUR,Europe,Country,BIH,Bosnia and Herzegovina,Year,,,160.4,,2018,FALSE,,,,,,,,,,,,,160.4,,,,,,160.4,,,EN,2021-12-14T23:00:00.000Z
GHED_PVT-D_pc_US_SHA2011,Domestic private health expenditure (PVT-D) per capita in US$,numeric,AFR,Africa,Country,BWA,Botswana,Year,,,75.05,,2018,FALSE,,,,,,,,,,,,,75.05,,,,,,75.05,,,EN,2021-12-14T23:00:00.000Z
GHED_PVT-D_pc_US_SHA2011,Domestic private health expenditure (PVT-D) per capita in US$,numeric,AMR,Americas,Country,BRA,Brazil,Year,,,509.5,,2018,FALSE,,,,,,,,,,,,,509.5,,,,,,509.5,,,EN,2021-12-14T23:00:00.000Z
GHED_PVT-D_pc_US_SHA2011,Domestic private health expenditure (PVT-D) per capita in US$,numeric,AFR,Africa,Country,BFA,Burkina Faso,Year,,,17.04,,2018,FALSE,,,,,,,,,,,,,17.04,,,,,,17.04,,,EN,2021-12-14T23:00:00.000Z
GHED_PVT-D_pc_US_SHA2011,Domestic private health expenditure (PVT-D) per capita in US$,numeric,AMR,Americas,Country,CAN,Canada,Year,,,1497,,2018,FALSE,,,,,,,,,,,,,1497,,,,,,"1,497",,,EN,2021-12-14T23:00:00.000Z
GHED_PVT-D_pc_US_SHA2011,Domestic private health expenditure (PVT-D) per capita in US$,numeric,AFR,Africa,Country,CAF,Central African Republic,Year,,,22.74,,2018,FALSE,,,,,,,,,,,,,22.74,,,,,,22.74,,,EN,2021-12-14T23:00:00.000Z
GHED_PVT-D_pc_US_SHA2011,Domestic private health expenditure (PVT-D) per capita in US$,numeric,AFR,Africa,Country,TCD,Chad,Year,,,20.15,,2018,FALSE,,,,,,,,,,,,,20.15,,,,,,20.15,,,EN,2021-12-14T23:00:00.000Z
GHED_PVT-D_pc_US_SHA2011,Domestic private health expenditure (PVT-D) per capita in US$,numeric,AMR,Americas,Country,CHL,Chile,Year,,,715.6,,2018,FALSE,,,,,,,,,,,,,715.6,,,,,,715.6,,,EN,2021-12-14T23:00:00.000Z
GHED_PVT-D_pc_US_SHA2011,Domestic private health expenditure (PVT-D) per capita in US$,numeric,WPR,Western Pacific,Country,CHN,China,Year,,,218.4,,2018,FALSE,,,,,,,,,,,,,218.4,,,,,,218.4,,,EN,2021-12-14T23:00:00.000Z
GHED_PVT-D_pc_US_SHA2011,Domestic private health expenditure (PVT-D) per capita in US$,numeric,AMR,Americas,Country,COL,Colombia,Year,,,145.7,,2018,FALSE,,,,,,,,,,,,,145.7,,,,,,145.7,,,EN,2021-12-14T23:00:00.000Z
GHED_PVT-D_pc_US_SHA2011,Domestic private health expenditure (PVT-D) per capita in US$,numeric,AFR,Africa,Country,COM,Comoros,Year,,,49.46,,2018,FALSE,,,,,,,,,,,,,49.46,,,,,,49.46,,,EN,2021-12-14T23:00:00.000Z
GHED_PVT-D_pc_US_SHA2011,Domestic private health expenditure (PVT-D) per capita in US$,numeric,AFR,Africa,Country,COG,Congo,Year,,,29.28,,2018,FALSE,,,,,,,,,,,,,29.28,,,,,,29.28,,,EN,2021-12-14T23:00:00.000Z
GHED_PVT-D_pc_US_SHA2011,Domestic private health expenditure (PVT-D) per capita in US$,numeric,AMR,Americas,Country,CRI,Costa Rica,Year,,,251.1,,2018,FALSE,,,,,,,,,,,,,251.1,,,,,,251.1,,,EN,2021-12-14T23:00:00.000Z
GHED_PVT-D_pc_US_SHA2011,Domestic private health expenditure (PVT-D) per capita in US$,numeric,AFR,Africa,Country,CIV,Côte d’Ivoire,Year,,,42.33,,2018,FALSE,,,,,,,,,,,,,42.33,,,,,,42.33,,,EN,2021-12-14T23:00:00.000Z
GHED_PVT-D_pc_US_SHA2011,Domestic private health expenditure (PVT-D) per capita in US$,numeric,EUR,Europe,Country,HRV,Croatia,Year,,,170.3,,2018,FALSE,,,,,,,,,,,,,170.3,,,,,,170.3,,,EN,2021-12-14T23:00:00.000Z
GHED_PVT-D_pc_US_SHA2011,Domestic private health expenditure (PVT-D) per capita in US$,numeric,AMR,Americas,Country,CUB,Cuba,Year,,,108.6,,2018,FALSE,,,,,,,,,,,,,108.6,,,,,,108.6,,,EN,2021-12-14T23:00:00.000Z
GHED_PVT-D_pc_US_SHA2011,Domestic private health expenditure (PVT-D) per capita in US$,numeric,EUR,Europe,Country,DNK,Denmark,Year,,,1002,,2018,FALSE,,,,,,,,,,,,,1002,,,,,,"1,002",,,EN,2021-12-14T23:00:00.000Z
GHED_PVT-D_pc_US_SHA2011,Domestic private health expenditure (PVT-D) per capita in US$,numeric,EMR,Eastern Mediterranean,Country,DJI,Djibouti,Year,,,21.91,,2018,FALSE,,,,,,,,,,,,,21.91,,,,,,21.91,,,EN,2021-12-14T23:00:00.000Z
GHED_PVT-D_pc_US_SHA2011,Domestic private health expenditure (PVT-D) per capita in US$,numeric,AMR,Americas,Country,DMA,Dominica,Year,,,152.3,,2018,FALSE,,,,,,,,,,,,,152.3,,,,,,152.3,,,EN,2021-12-14T23:00:00.000Z
GHED_PVT-D_pc_US_SHA2011,Domestic private health expenditure (PVT-D) per capita in US$,numeric,AMR,Americas,Country,DOM,Dominican Republic,Year,,,252.7,,2018,FALSE,,,,,,,,,,,,,252.7,,,,,,252.7,,,EN,2021-12-14T23:00:00.000Z
GHED_PVT-D_pc_US_SHA2011,Domestic private health expenditure (PVT-D) per capita in US$,numeric,AMR,Americas,Country,ECU,Ecuador,Year,,,184.3,,2018,FALSE,,,,,,,,,,,,,184.3,,,,,,184.3,,,EN,2021-12-14T23:00:00.000Z
GHED_PVT-D_pc_US_SHA2011,Domestic private health expenditure (PVT-D) per capita in US$,numeric,EMR,Eastern Mediterranean,Country,EGY,Egypt,Year,,,88.64,,2018,FALSE,,,,,,,,,,,,,88.64,,,,,,88.64,,,EN,2021-12-14T23:00:00.000Z
GHED_PVT-D_pc_US_SHA2011,Domestic private health expenditure (PVT-D) per capita in US$,numeric,AMR,Americas,Country,SLV,El Salvador,Year,,,103.7,,2018,FALSE,,,,,,,,,,,,,103.7,,,,,,103.7,,,EN,2021-12-14T23:00:00.000Z
GHED_PVT-D_pc_US_SHA2011,Domestic private health expenditure (PVT-D) per capita in US$,numeric,AFR,Africa,Country,ETH,Ethiopia,Year,,,9.86,,2018,FALSE,,,,,,,,,,,,,9.86,,,,,,9.86,,,EN,2021-12-14T23:00:00.000Z
GHED_PVT-D_pc_US_SHA2011,Domestic private health expenditure (PVT-D) per capita in US$,numeric,WPR,Western Pacific,Country,FJI,Fiji,Year,,,64.79,,2018,FALSE,,,,,,,,,,,,,64.79,,,,,,64.79,,,EN,2021-12-14T23:00:00.000Z
GHED_PVT-D_pc_US_SHA2011,Domestic private health expenditure (PVT-D) per capita in US$,numeric,EUR,Europe,Country,FIN,Finland,Year,,,968.1,,2018,FALSE,,,,,,,,,,,,,968.1,,,,,,968.1,,,EN,2021-12-14T23:00:00.000Z
GHED_PVT-D_pc_US_SHA2011,Domestic private health expenditure (PVT-D) per capita in US$,numeric,EUR,Europe,Country,FRA,France,Year,,,1121,,2018,FALSE,,,,,,,,,,,,,1121,,,,,,"1,121",,,EN,2021-12-14T23:00:00.000Z
GHED_PVT-D_pc_US_SHA2011,Domestic private health expenditure (PVT-D) per capita in US$,numeric,AFR,Africa,Country,GAB,Gabon,Year,,,87.78,,2018,FALSE,,,,,,,,,,,,,87.78,,,,,,87.78,,,EN,2021-12-14T23:00:00.000Z
GHED_PVT-D_pc_US_SHA2011,Domestic private health expenditure (PVT-D) per capita in US$,numeric,AFR,Africa,Country,GMB,Gambia,Year,,,7.86,,2018,FALSE,,,,,,,,,,,,,7.86,,,,,,7.86,,,EN,2021-12-14T23:00:00.000Z
GHED_PVT-D_pc_US_SHA2011,Domestic private health expenditure (PVT-D) per capita in US$,numeric,EUR,Europe,Country,GEO,Georgia,Year,,,187.7,,2018,FALSE,,,,,,,,,,,,,187.7,,,,,,187.7,,,EN,2021-12-14T23:00:00.000Z
GHED_PVT-D_pc_US_SHA2011,Domestic private health expenditure (PVT-D) per capita in US$,numeric,EUR,Europe,Country,DEU,Germany,Year,,,1230,,2018,FALSE,,,,,,,,,,,,,1230,,,,,,"1,23",,,EN,2021-12-14T23:00:00.000Z
GHED_PVT-D_pc_US_SHA2011,Domestic private health expenditure (PVT-D) per capita in US$,numeric,AFR,Africa,Country,GHA,Ghana,Year,,,38.05,,2018,FALSE,,,,,,,,,,,,,38.05,,,,,,38.05,,,EN,2021-12-14T23:00:00.000Z
GHED_PVT-D_pc_US_SHA2011,Domestic private health expenditure (PVT-D) per capita in US$,numeric,EUR,Europe,Country,GRC,Greece,Year,,,758.1,,2018,FALSE,,,,,,,,,,,,,758.1,,,,,,758.1,,,EN,2021-12-14T23:00:00.000Z
GHED_PVT-D_pc_US_SHA2011,Domestic private health expenditure (PVT-D) per capita in US$,numeric,EUR,Europe,Country,HUN,Hungary,Year,,,327,,2018,FALSE,,,,,,,,,,,,,327,,,,,,327,,,EN,2021-12-14T23:00:00.000Z
GHED_PVT-D_pc_US_SHA2011,Domestic private health expenditure (PVT-D) per capita in US$,numeric,EUR,Europe,Country,ISL,Iceland,Year,,,1151,,2018,FALSE,,,,,,,,,,,,,1151,,,,,,"1,151",,,EN,2021-12-14T23:00:00.000Z
GHED_PVT-D_pc_US_SHA2011,Domestic private health expenditure (PVT-D) per capita in US$,numeric,SEAR,South-East Asia,Country,IND,India,Year,,,41.63,,2018,FALSE,,,,,,,,,,,,,41.63,,,,,,41.63,,,EN,2021-12-14T23:00:00.000Z
GHED_PVT-D_pc_US_SHA2011,Domestic private health expenditure (PVT-D) per capita in US$,numeric,SEAR,South-East Asia,Country,IDN,Indonesia,Year,,,56.85,,2018,FALSE,,,,,,,,,,,,,56.85,,,,,,56.85,,,EN,2021-12-14T23:00:00.000Z
GHED_PVT-D_pc_US_SHA2011,Domestic private health expenditure (PVT-D) per capita in US$,numeric,EMR,Eastern Mediterranean,Country,IRN,Iran (Islamic Republic of),Year,,,261.8,,2018,FALSE,,,,,,,,,,,,,261.8,,,,,,261.8,,,EN,2021-12-14T23:00:00.000Z
GHED_PVT-D_pc_US_SHA2011,Domestic private health expenditure (PVT-D) per capita in US$,numeric,EMR,Eastern Mediterranean,Country,IRQ,Iraq,Year,,,123,,2018,FALSE,,,,,,,,,,,,,123,,,,,,123,,,EN,2021-12-14T23:00:00.000Z
GHED_PVT-D_pc_US_SHA2011,Domestic private health expenditure (PVT-D) per capita in US$,numeric,EUR,Europe,Country,IRL,Ireland,Year,,,1419,,2018,FALSE,,,,,,,,,,,,,1419,,,,,,"1,419",,,EN,2021-12-14T23:00:00.000Z
GHED_PVT-D_pc_US_SHA2011,Domestic private health expenditure (PVT-D) per capita in US$,numeric,EUR,Europe,Country,ISR,Israel,Year,,,1114,,2018,FALSE,,,,,,,,,,,,,1114,,,,,,"1,114",,,EN,2021-12-14T23:00:00.000Z
GHED_PVT-D_pc_US_SHA2011,Domestic private health expenditure (PVT-D) per capita in US$,numeric,EUR,Europe,Country,ITA,Italy,Year,,,784.9,,2018,FALSE,,,,,,,,,,,,,784.9,,,,,,784.9,,,EN,2021-12-14T23:00:00.000Z
GHED_PVT-D_pc_US_SHA2011,Domestic private health expenditure (PVT-D) per capita in US$,numeric,AMR,Americas,Country,JAM,Jamaica,Year,,,106.6,,2018,FALSE,,,,,,,,,,,,,106.6,,,,,,106.6,,,EN,2021-12-14T23:00:00.000Z
GHED_PVT-D_pc_US_SHA2011,Domestic private health expenditure (PVT-D) per capita in US$,numeric,WPR,Western Pacific,Country,JPN,Japan,Year,,,690.7,,2018,FALSE,,,,,,,,,,,,,690.7,,,,,,690.7,,,EN,2021-12-14T23:00:00.000Z
GHED_PVT-D_pc_US_SHA2011,Domestic private health expenditure (PVT-D) per capita in US$,numeric,AMR,Americas,Country,MEX,Mexico,Year,,,262.2,,2018,FALSE,,,,,,,,,,,,,262.2,,,,,,262.2,,,EN,2021-12-14T23:00:00.000Z
GHED_PVT-D_pc_US_SHA2011,Domestic private health expenditure (PVT-D) per capita in US$,numeric,EUR,Europe,Country,NOR,Norway,Year,,,1183,,2018,FALSE,,,,,,,,,,,,,1183,,,,,,"1,183",,,EN,2021-12-14T23:00:00.000Z
GHED_PVT-D_pc_US_SHA2011,Domestic private health expenditure (PVT-D) per capita in US$,numeric,EMR,Eastern Mediterranean,Country,OMN,Oman,Year,,,83.7,,2018,FALSE,,,,,,,,,,,,,83.7,,,,,,83.7,,,EN,2021-12-14T23:00:00.000Z
GHED_PVT-D_pc_US_SHA2011,Domestic private health expenditure (PVT-D) per capita in US$,numeric,EMR,Eastern Mediterranean,Country,PAK,Pakistan,Year,,,27.3,,2018,FALSE,,,,,,,,,,,,,27.3,,,,,,27.3,,,EN,2021-12-14T23:00:00.000Z
GHED_PVT-D_pc_US_SHA2011,Domestic private health expenditure (PVT-D) per capita in US$,numeric,WPR,Western Pacific,Country,KOR,Republic of Korea,Year,,,1057,,2018,FALSE,,,,,,,,,,,,,1057,,,,,,"1,057",,,EN,2021-12-14T23:00:00.000Z
GHED_PVT-D_pc_US_SHA2011,Domestic private health expenditure (PVT-D) per capita in US$,numeric,EUR,Europe,Country,RUS,Russian Federation,Year,,,246.9,,2018,FALSE,,,,,,,,,,,,,246.9,,,,,,246.9,,,EN,2021-12-14T23:00:00.000Z
GHED_PVT-D_pc_US_SHA2011,Domestic private health expenditure (PVT-D) per capita in US$,numeric,AFR,Africa,Country,RWA,Rwanda,Year,,,13.38,,2018,FALSE,,,,,,,,,,,,,13.38,,,,,,13.38,,,EN,2021-12-14T23:00:00.000Z
GHED_PVT-D_pc_US_SHA2011,Domestic private health expenditure (PVT-D) per capita in US$,numeric,EUR,Europe,Country,ESP,Spain,Year,,,814.6,,2018,FALSE,,,,,,,,,,,,,814.6,,,,,,814.6,,,EN,2021-12-14T23:00:00.000Z
GHED_PVT-D_pc_US_SHA2011,Domestic private health expenditure (PVT-D) per capita in US$,numeric,SEAR,South-East Asia,Country,LKA,Sri Lanka,Year,,,85.62,,2018,FALSE,,,,,,,,,,,,,85.62,,,,,,85.62,,,EN,2021-12-14T23:00:00.000Z
GHED_PVT-D_pc_US_SHA2011,Domestic private health expenditure (PVT-D) per capita in US$,numeric,EMR,Eastern Mediterranean,Country,SDN,Sudan,Year,,,41.84,,2018,FALSE,,,,,,,,,,,,,41.84,,,,,,41.84,,,EN,2021-12-14T23:00:00.000Z
GHED_PVT-D_pc_US_SHA2011,Domestic private health expenditure (PVT-D) per capita in US$,numeric,AMR,Americas,Country,SUR,Suriname,Year,,,152.3,,2018,FALSE,,,,,,,,,,,,,152.3,,,,,,152.3,,,EN,2021-12-14T23:00:00.000Z
GHED_PVT-D_pc_US_SHA2011,Domestic private health expenditure (PVT-D) per capita in US$,numeric,EUR,Europe,Country,SWE,Sweden,Year,,,913.7,,2018,FALSE,,,,,,,,,,,,,913.7,,,,,,913.7,,,EN,2021-12-14T23:00:00.000Z
GHED_PVT-D_pc_US_SHA2011,Domestic private health expenditure (PVT-D) per capita in US$,numeric,EUR,Europe,Country,CHE,Switzerland,Year,,,6789,,2018,FALSE,,,,,,,,,,,,,6789,,,,,,"6,789",,,EN,2021-12-14T23:00:00.000Z
GHED_PVT-D_pc_US_SHA2011,Domestic private health expenditure (PVT-D) per capita in US$,numeric,EUR,Europe,Country,TJK,Tajikistan,Year,,,41.06,,2018,FALSE,,,,,,,,,,,,,41.06,,,,,,41.06,,,EN,2021-12-14T23:00:00.000Z
GHED_PVT-D_pc_US_SHA2011,Domestic private health expenditure (PVT-D) per capita in US$,numeric,SEAR,South-East Asia,Country,THA,Thailand,Year,,,81.86,,2018,FALSE,,,,,,,,,,,,,81.86,,,,,,81.86,,,EN,2021-12-14T23:00:00.000Z
GHED_PVT-D_pc_US_SHA2011,Domestic private health expenditure (PVT-D) per capita in US$,numeric,EUR,Europe,Country,MKD,The former Yugoslav Republic of Macedonia,Year,,,170.3,,2018,FALSE,,,,,,,,,,,,,170.3,,,,,,170.3,,,EN,2021-12-14T23:00:00.000Z
GHED_PVT-D_pc_US_SHA2011,Domestic private health expenditure (PVT-D) per capita in US$,numeric,SEAR,South-East Asia,Country,TLS,Timor-Leste,Year,,,11.73,,2018,FALSE,,,,,,,,,,,,,11.73,,,,,,11.73,,,EN,2021-12-14T23:00:00.000Z
GHED_PVT-D_pc_US_SHA2011,Domestic private health expenditure (PVT-D) per capita in US$,numeric,AFR,Africa,Country,TGO,Togo,Year,,,40.48,,2018,FALSE,,,,,,,,,,,,,40.48,,,,,,40.48,,,EN,2021-12-14T23:00:00.000Z
GHED_PVT-D_pc_US_SHA2011,Domestic private health expenditure (PVT-D) per capita in US$,numeric,WPR,Western Pacific,Country,TON,Tonga,Year,,,33.5,,2018,FALSE,,,,,,,,,,,,,33.5,,,,,,33.5,,,EN,2021-12-14T23:00:00.000Z
GHED_PVT-D_pc_US_SHA2011,Domestic private health expenditure (PVT-D) per capita in US$,numeric,AMR,Americas,Country,TTO,Trinidad and Tobago,Year,,,589.3,,2018,FALSE,,,,,,,,,,,,,589.3,,,,,,589.3,,,EN,2021-12-14T23:00:00.000Z
GHED_PVT-D_pc_US_SHA2011,Domestic private health expenditure (PVT-D) per capita in US$,numeric,EMR,Eastern Mediterranean,Country,TUN,Tunisia,Year,,,102.6,,2018,FALSE,,,,,,,,,,,,,102.6,,,,,,102.6,,,EN,2021-12-14T23:00:00.000Z
GHED_PVT-D_pc_US_SHA2011,Domestic private health expenditure (PVT-D) per capita in US$,numeric,EUR,Europe,Country,TUR,Turkey,Year,,,88.18,,2018,FALSE,,,,,,,,,,,,,88.18,,,,,,88.18,,,EN,2021-12-14T23:00:00.000Z
GHED_PVT-D_pc_US_SHA2011,Domestic private health expenditure (PVT-D) per capita in US$,numeric,EUR,Europe,Country,TKM,Turkmenistan,Year,,,374.9,,2018,FALSE,,,,,,,,,,,,,374.9,,,,,,374.9,,,EN,2021-12-14T23:00:00.000Z
GHED_PVT-D_pc_US_SHA2011,Domestic private health expenditure (PVT-D) per capita in US$,numeric,WPR,Western Pacific,Country,TUV,Tuvalu,Year,,,26.8,,2018,FALSE,,,,,,,,,,,,,26.8,,,,,,26.8,,,EN,2021-12-14T23:00:00.000Z
GHED_PVT-D_pc_US_SHA2011,Domestic private health expenditure (PVT-D) per capita in US$,numeric,AFR,Africa,Country,UGA,Uganda,Year,,,12.73,,2018,FALSE,,,,,,,,,,,,,12.73,,,,,,12.73,,,EN,2021-12-14T23:00:00.000Z
GHED_PVT-D_pc_US_SHA2011,Domestic private health expenditure (PVT-D) per capita in US$,numeric,EUR,Europe,Country,UKR,Ukraine,Year,,,116.9,,2018,FALSE,,,,,,,,,,,,,116.9,,,,,,116.9,,,EN,2021-12-14T23:00:00.000Z
GHED_PVT-D_pc_US_SHA2011,Domestic private health expenditure (PVT-D) per capita in US$,numeric,EMR,Eastern Mediterranean,Country,ARE,United Arab Emirates,Year,,,880,,2018,FALSE,,,,,,,,,,,,,880,,,,,,880,,,EN,2021-12-14T23:00:00.000Z
GHED_PVT-D_pc_US_SHA2011,Domestic private health expenditure (PVT-D) per capita in US$,numeric,EUR,Europe,Country,GBR,United Kingdom of Great Britain and Northern Ireland,Year,,,879.8,,2018,FALSE,,,,,,,,,,,,,879.8,,,,,,879.8,,,EN,2021-12-14T23:00:00.000Z
GHED_PVT-D_pc_US_SHA2011,Domestic private health expenditure (PVT-D) per capita in US$,numeric,AFR,Africa,Country,TZA,United Republic of Tanzania,Year,,,9.1,,2018,FALSE,,,,,,,,,,,,,9.1,,,,,,9.1,,,EN,2021-12-14T23:00:00.000Z
GHED_PVT-D_pc_US_SHA2011,Domestic private health expenditure (PVT-D) per capita in US$,numeric,AMR,Americas,Country,USA,United States of America,Year,,,5177,,2018,FALSE,,,,,,,,,,,,,5177,,,,,,"5,177",,,EN,2021-12-14T23:00:00.000Z
GHED_PVT-D_pc_US_SHA2011,Domestic private health expenditure (PVT-D) per capita in US$,numeric,WPR,Western Pacific,Country,VNM,Viet Nam,Year,,,93.58,,2018,FALSE,,,,,,,,,,,,,93.58,,,,,,93.58,,,EN,2021-12-14T23:00:00.000Z
GHED_PVT-D_pc_US_SHA2011,Domestic private health expenditure (PVT-D) per capita in US$,numeric,AFR,Africa,Country,ZMB,Zambia,Year,,,12.69,,2018,FALSE,,,,,,,,,,,,,12.69,,,,,,12.69,,,EN,2021-12-14T23:00:00.000Z
GHED_PVT-D_pc_US_SHA2011,Domestic private health expenditure (PVT-D) per capita in US$,numeric,AFR,Africa,Country,ZWE,Zimbabwe,Year,,,60.46,,2018,FALSE,,,,,,,,,,,,,60.46,,,,,,60.46,,,EN,2021-12-14T23:00:00.000Z
GHED_PVT-D_pc_US_SHA2011,Domestic private health expenditure (PVT-D) per capita in US$,numeric,EMR,Eastern Mediterranean,Country,AFG,Afghanistan,Year,,,,52.25,2019,TRUE,,,,,,,,,,,,,52.25,,,,,,52.25,,,EN,2021-12-14T23:00:00.000Z
GHED_PVT-D_pc_US_SHA2011,Domestic private health expenditure (PVT-D) per capita in US$,numeric,AFR,Africa,Country,DZA,Algeria,Year,,,,86.76,2019,TRUE,,,,,,,,,,,,,86.76,,,,,,86.76,,,EN,2021-12-14T23:00:00.000Z
GHED_PVT-D_pc_US_SHA2011,Domestic private health expenditure (PVT-D) per capita in US$,numeric,WPR,Western Pacific,Country,AUS,Australia,Year,,,,1537,2019,TRUE,,,,,,,,,,,,,1537,,,,,,"1,537",,,EN,2021-12-14T23:00:00.000Z
GHED_PVT-D_pc_US_SHA2011,Domestic private health expenditure (PVT-D) per capita in US$,numeric,EUR,Europe,Country,AUT,Austria,Year,,,,1415,2019,TRUE,,,,,,,,,,,,,1415,,,,,,"1,415",,,EN,2021-12-14T23:00:00.000Z
GHED_PVT-D_pc_US_SHA2011,Domestic private health expenditure (PVT-D) per capita in US$,numeric,EUR,Europe,Country,AZE,Azerbaijan,Year,,,,131.2,2019,TRUE,,,,,,,,,,,,,131.2,,,,,,131.2,,,EN,2021-12-14T23:00:00.000Z
GHED_PVT-D_pc_US_SHA2011,Domestic private health expenditure (PVT-D) per capita in US$,numeric,SEAR,South-East Asia,Country,BGD,Bangladesh,Year,,,,34.51,2019,TRUE,,,,,,,,,,,,,34.51,,,,,,34.51,,,EN,2021-12-14T23:00:00.000Z
GHED_PVT-D_pc_US_SHA2011,Domestic private health expenditure (PVT-D) per capita in US$,numeric,EUR,Europe,Country,BEL,Belgium,Year,,,,1152,2019,TRUE,,,,,,,,,,,,,1152,,,,,,"1,152",,,EN,2021-12-14T23:00:00.000Z
GHED_PVT-D_pc_US_SHA2011,Domestic private health expenditure (PVT-D) per capita in US$,numeric,AFR,Africa,Country,BEN,Benin,Year,,,,15.44,2019,TRUE,,,,,,,,,,,,,15.44,,,,,,15.44,,,EN,2021-12-14T23:00:00.000Z
GHED_PVT-D_pc_US_SHA2011,Domestic private health expenditure (PVT-D) per capita in US$,numeric,SEAR,South-East Asia,Country,BTN,Bhutan,Year,,,,22.58,2019,TRUE,,,,,,,,,,,,,22.58,,,,,,22.58,,,EN,2021-12-14T23:00:00.000Z
GHED_PVT-D_pc_US_SHA2011,Domestic private health expenditure (PVT-D) per capita in US$,numeric,AMR,Americas,Country,BOL,Bolivia (Plurinational State of),Year,,,,67.96,2019,TRUE,,,,,,,,,,,,,67.96,,,,,,67.96,,,EN,2021-12-14T23:00:00.000Z
GHED_PVT-D_pc_US_SHA2011,Domestic private health expenditure (PVT-D) per capita in US$,numeric,EUR,Europe,Country,BIH,Bosnia and Herzegovina,Year,,,,164.7,2019,TRUE,,,,,,,,,,,,,164.7,,,,,,164.7,,,EN,2021-12-14T23:00:00.000Z
GHED_PVT-D_pc_US_SHA2011,Domestic private health expenditure (PVT-D) per capita in US$,numeric,AFR,Africa,Country,BWA,Botswana,Year,,,,73.81,2019,TRUE,,,,,,,,,,,,,73.81,,,,,,73.81,,,EN,2021-12-14T23:00:00.000Z
GHED_PVT-D_pc_US_SHA2011,Domestic private health expenditure (PVT-D) per capita in US$,numeric,AMR,Americas,Country,BRA,Brazil,Year,,,,504.5,2019,TRUE,,,,,,,,,,,,,504.5,,,,,,504.5,,,EN,2021-12-14T23:00:00.000Z
GHED_PVT-D_pc_US_SHA2011,Domestic private health expenditure (PVT-D) per capita in US$,numeric,AFR,Africa,Country,BFA,Burkina Faso,Year,,,,17.95,2019,TRUE,,,,,,,,,,,,,17.95,,,,,,17.95,,,EN,2021-12-14T23:00:00.000Z
GHED_PVT-D_pc_US_SHA2011,Domestic private health expenditure (PVT-D) per capita in US$,numeric,AMR,Americas,Country,CAN,Canada,Year,,,,1506,2019,TRUE,,,,,,,,,,,,,1506,,,,,,"1,506",,,EN,2021-12-14T23:00:00.000Z
GHED_PVT-D_pc_US_SHA2011,Domestic private health expenditure (PVT-D) per capita in US$,numeric,AFR,Africa,Country,CAF,Central African Republic,Year,,,,22.81,2019,TRUE,,,,,,,,,,,,,22.81,,,,,,22.81,,,EN,2021-12-14T23:00:00.000Z
GHED_PVT-D_pc_US_SHA2011,Domestic private health expenditure (PVT-D) per capita in US$,numeric,AFR,Africa,Country,TCD,Chad,Year,,,,18.58,2019,TRUE,,,,,,,,,,,,,18.58,,,,,,18.58,,,EN,2021-12-14T23:00:00.000Z
GHED_PVT-D_pc_US_SHA2011,Domestic private health expenditure (PVT-D) per capita in US$,numeric,AMR,Americas,Country,CHL,Chile,Year,,,,675.3,2019,TRUE,,,,,,,,,,,,,675.3,,,,,,675.3,,,EN,2021-12-14T23:00:00.000Z
GHED_PVT-D_pc_US_SHA2011,Domestic private health expenditure (PVT-D) per capita in US$,numeric,WPR,Western Pacific,Country,CHN,China,Year,,,,235.6,2019,TRUE,,,,,,,,,,,,,235.6,,,,,,235.6,,,EN,2021-12-14T23:00:00.000Z
GHED_PVT-D_pc_US_SHA2011,Domestic private health expenditure (PVT-D) per capita in US$,numeric,AMR,Americas,Country,COL,Colombia,Year,,,,139.3,2019,TRUE,,,,,,,,,,,,,139.3,,,,,,139.3,,,EN,2021-12-14T23:00:00.000Z
GHED_PVT-D_pc_US_SHA2011,Domestic private health expenditure (PVT-D) per capita in US$,numeric,AFR,Africa,Country,COM,Comoros,Year,,,,47.99,2019,TRUE,,,,,,,,,,,,,47.99,,,,,,47.99,,,EN,2021-12-14T23:00:00.000Z
GHED_PVT-D_pc_US_SHA2011,Domestic private health expenditure (PVT-D) per capita in US$,numeric,AFR,Africa,Country,COG,Congo,Year,,,,26.25,2019,TRUE,,,,,,,,,,,,,26.25,,,,,,26.25,,,EN,2021-12-14T23:00:00.000Z
GHED_PVT-D_pc_US_SHA2011,Domestic private health expenditure (PVT-D) per capita in US$,numeric,AMR,Americas,Country,CRI,Costa Rica,Year,,,,253.1,2019,TRUE,,,,,,,,,,,,,253.1,,,,,,253.1,,,EN,2021-12-14T23:00:00.000Z
GHED_PVT-D_pc_US_SHA2011,Domestic private health expenditure (PVT-D) per capita in US$,numeric,AFR,Africa,Country,CIV,Côte d’Ivoire,Year,,,,41.81,2019,TRUE,,,,,,,,,,,,,41.81,,,,,,41.81,,,EN,2021-12-14T23:00:00.000Z
GHED_PVT-D_pc_US_SHA2011,Domestic private health expenditure (PVT-D) per capita in US$,numeric,EUR,Europe,Country,HRV,Croatia,Year,,,,191.9,2019,TRUE,,,,,,,,,,,,,191.9,,,,,,191.9,,,EN,2021-12-14T23:00:00.000Z
GHED_PVT-D_pc_US_SHA2011,Domestic private health expenditure (PVT-D) per capita in US$,numeric,AMR,Americas,Country,CUB,Cuba,Year,,,,109.2,2019,TRUE,,,,,,,,,,,,,109.2,,,,,,109.2,,,EN,2021-12-14T23:00:00.000Z
GHED_PVT-D_pc_US_SHA2011,Domestic private health expenditure (PVT-D) per capita in US$,numeric,EUR,Europe,Country,DNK,Denmark,Year,,,,1003,2019,TRUE,,,,,,,,,,,,,1003,,,,,,"1,003",,,EN,2021-12-14T23:00:00.000Z
GHED_PVT-D_pc_US_SHA2011,Domestic private health expenditure (PVT-D) per capita in US$,numeric,EMR,Eastern Mediterranean,Country,DJI,Djibouti,Year,,,,15.81,2019,TRUE,,,,,,,,,,,,,15.81,,,,,,15.81,,,EN,2021-12-14T23:00:00.000Z
GHED_PVT-D_pc_US_SHA2011,Domestic private health expenditure (PVT-D) per capita in US$,numeric,AMR,Americas,Country,DMA,Dominica,Year,,,,153.3,2019,TRUE,,,,,,,,,,,,,153.3,,,,,,153.3,,,EN,2021-12-14T23:00:00.000Z
GHED_PVT-D_pc_US_SHA2011,Domestic private health expenditure (PVT-D) per capita in US$,numeric,AMR,Americas,Country,DOM,Dominican Republic,Year,,,,266.5,2019,TRUE,,,,,,,,,,,,,266.5,,,,,,266.5,,,EN,2021-12-14T23:00:00.000Z
GHED_PVT-D_pc_US_SHA2011,Domestic private health expenditure (PVT-D) per capita in US$,numeric,AMR,Americas,Country,ECU,Ecuador,Year,,,,185.5,2019,TRUE,,,,,,,,,,,,,185.5,,,,,,185.5,,,EN,2021-12-14T23:00:00.000Z
GHED_PVT-D_pc_US_SHA2011,Domestic private health expenditure (PVT-D) per capita in US$,numeric,EMR,Eastern Mediterranean,Country,EGY,Egypt,Year,,,,106.6,2019,TRUE,,,,,,,,,,,,,106.6,,,,,,106.6,,,EN,2021-12-14T23:00:00.000Z
GHED_PVT-D_pc_US_SHA2011,Domestic private health expenditure (PVT-D) per capita in US$,numeric,AMR,Americas,Country,SLV,El Salvador,Year,,,,107.7,2019,TRUE,,,,,,,,,,,,,107.7,,,,,,107.7,,,EN,2021-12-14T23:00:00.000Z
GHED_PVT-D_pc_US_SHA2011,Domestic private health expenditure (PVT-D) per capita in US$,numeric,AFR,Africa,Country,ETH,Ethiopia,Year,,,,11.55,2019,TRUE,,,,,,,,,,,,,11.55,,,,,,11.55,,,EN,2021-12-14T23:00:00.000Z
GHED_PVT-D_pc_US_SHA2011,Domestic private health expenditure (PVT-D) per capita in US$,numeric,WPR,Western Pacific,Country,FJI,Fiji,Year,,,,64.58,2019,TRUE,,,,,,,,,,,,,64.58,,,,,,64.58,,,EN,2021-12-14T23:00:00.000Z
GHED_PVT-D_pc_US_SHA2011,Domestic private health expenditure (PVT-D) per capita in US$,numeric,EUR,Europe,Country,FIN,Finland,Year,,,,882.3,2019,TRUE,,,,,,,,,,,,,882.3,,,,,,882.3,,,EN,2021-12-14T23:00:00.000Z
GHED_PVT-D_pc_US_SHA2011,Domestic private health expenditure (PVT-D) per capita in US$,numeric,EUR,Europe,Country,FRA,France,Year,,,,1109,2019,TRUE,,,,,,,,,,,,,1109,,,,,,"1,109",,,EN,2021-12-14T23:00:00.000Z
GHED_PVT-D_pc_US_SHA2011,Domestic private health expenditure (PVT-D) per capita in US$,numeric,AFR,Africa,Country,GAB,Gabon,Year,,,,84.12,2019,TRUE,,,,,,,,,,,,,84.12,,,,,,84.12,,,EN,2021-12-14T23:00:00.000Z
GHED_PVT-D_pc_US_SHA2011,Domestic private health expenditure (PVT-D) per capita in US$,numeric,AFR,Africa,Country,GMB,Gambia,Year,,,,8.17,2019,TRUE,,,,,,,,,,,,,8.17,,,,,,8.17,,,EN,2021-12-14T23:00:00.000Z
GHED_PVT-D_pc_US_SHA2011,Domestic private health expenditure (PVT-D) per capita in US$,numeric,EUR,Europe,Country,GEO,Georgia,Year,,,,170.8,2019,TRUE,,,,,,,,,,,,,170.8,,,,,,170.8,,,EN,2021-12-14T23:00:00.000Z
GHED_PVT-D_pc_US_SHA2011,Domestic private health expenditure (PVT-D) per capita in US$,numeric,EUR,Europe,Country,DEU,Germany,Year,,,,1212,2019,TRUE,,,,,,,,,,,,,1212,,,,,,"1,212",,,EN,2021-12-14T23:00:00.000Z
GHED_PVT-D_pc_US_SHA2011,Domestic private health expenditure (PVT-D) per capita in US$,numeric,AFR,Africa,Country,GHA,Ghana,Year,,,,36.5,2019,TRUE,,,,,,,,,,,,,36.5,,,,,,36.5,,,EN,2021-12-14T23:00:00.000Z
GHED_PVT-D_pc_US_SHA2011,Domestic private health expenditure (PVT-D) per capita in US$,numeric,EUR,Europe,Country,GRC,Greece,Year,,,,776.4,2019,TRUE,,,,,,,,,,,,,776.4,,,,,,776.4,,,EN,2021-12-14T23:00:00.000Z
GHED_PVT-D_pc_US_SHA2011,Domestic private health expenditure (PVT-D) per capita in US$,numeric,EUR,Europe,Country,HUN,Hungary,Year,,,,340.2,2019,TRUE,,,,,,,,,,,,,340.2,,,,,,340.2,,,EN,2021-12-14T23:00:00.000Z
GHED_PVT-D_pc_US_SHA2011,Domestic private health expenditure (PVT-D) per capita in US$,numeric,EUR,Europe,Country,ISL,Iceland,Year,,,,1074,2019,TRUE,,,,,,,,,,,,,1074,,,,,,"1,074",,,EN,2021-12-14T23:00:00.000Z
GHED_PVT-D_pc_US_SHA2011,Domestic private health expenditure (PVT-D) per capita in US$,numeric,SEAR,South-East Asia,Country,IND,India,Year,,,,42.31,2019,TRUE,,,,,,,,,,,,,42.31,,,,,,42.31,,,EN,2021-12-14T23:00:00.000Z
GHED_PVT-D_pc_US_SHA2011,Domestic private health expenditure (PVT-D) per capita in US$,numeric,SEAR,South-East Asia,Country,IDN,Indonesia,Year,,,,60.67,2019,TRUE,,,,,,,,,,,,,60.67,,,,,,60.67,,,EN,2021-12-14T23:00:00.000Z
GHED_PVT-D_pc_US_SHA2011,Domestic private health expenditure (PVT-D) per capita in US$,numeric,EMR,Eastern Mediterranean,Country,IRN,Iran (Islamic Republic of),Year,,,,237.5,2019,TRUE,,,,,,,,,,,,,237.5,,,,,,237.5,,,EN,2021-12-14T23:00:00.000Z
GHED_PVT-D_pc_US_SHA2011,Domestic private health expenditure (PVT-D) per capita in US$,numeric,EMR,Eastern Mediterranean,Country,IRQ,Iraq,Year,,,,126.9,2019,TRUE,,,,,,,,,,,,,126.9,,,,,,126.9,,,EN,2021-12-14T23:00:00.000Z
GHED_PVT-D_pc_US_SHA2011,Domestic private health expenditure (PVT-D) per capita in US$,numeric,EUR,Europe,Country,IRL,Ireland,Year,,,,1380,2019,TRUE,,,,,,,,,,,,,1380,,,,,,"1,38",,,EN,2021-12-14T23:00:00.000Z
GHED_PVT-D_pc_US_SHA2011,Domestic private health expenditure (PVT-D) per capita in US$,numeric,EUR,Europe,Country,ISR,Israel,Year,,,,1145,2019,TRUE,,,,,,,,,,,,,1145,,,,,,"1,145",,,EN,2021-12-14T23:00:00.000Z
GHED_PVT-D_pc_US_SHA2011,Domestic private health expenditure (PVT-D) per capita in US$,numeric,EUR,Europe,Country,ITA,Italy,Year,,,,757.8,2019,TRUE,,,,,,,,,,,,,757.8,,,,,,757.8,,,EN,2021-12-14T23:00:00.000Z
GHED_PVT-D_pc_US_SHA2011,Domestic private health expenditure (PVT-D) per capita in US$,numeric,AMR,Americas,Country,JAM,Jamaica,Year,,,,108.6,2019,TRUE,,,,,,,,,,,,,108.6,,,,,,108.6,,,EN,2021-12-14T23:00:00.000Z
GHED_PVT-D_pc_US_SHA2011,Domestic private health expenditure (PVT-D) per capita in US$,numeric,WPR,Western Pacific,Country,JPN,Japan,Year,,,,703.9,2019,TRUE,,,,,,,,,,,,,703.9,,,,,,703.9,,,EN,2021-12-14T23:00:00.000Z
GHED_PVT-D_pc_US_SHA2011,Domestic private health expenditure (PVT-D) per capita in US$,numeric,AMR,Americas,Country,MEX,Mexico,Year,,,,273.9,2019,TRUE,,,,,,,,,,,,,273.9,,,,,,273.9,,,EN,2021-12-14T23:00:00.000Z
GHED_PVT-D_pc_US_SHA2011,Domestic private health expenditure (PVT-D) per capita in US$,numeric,EUR,Europe,Country,NOR,Norway,Year,,,,1135,2019,TRUE,,,,,,,,,,,,,1135,,,,,,"1,135",,,EN,2021-12-14T23:00:00.000Z
GHED_PVT-D_pc_US_SHA2011,Domestic private health expenditure (PVT-D) per capita in US$,numeric,EMR,Eastern Mediterranean,Country,OMN,Oman,Year,,,,84.69,2019,TRUE,,,,,,,,,,,,,84.69,,,,,,84.69,,,EN,2021-12-14T23:00:00.000Z
GHED_PVT-D_pc_US_SHA2011,Domestic private health expenditure (PVT-D) per capita in US$,numeric,EMR,Eastern Mediterranean,Country,PAK,Pakistan,Year,,,,24.06,2019,TRUE,,,,,,,,,,,,,24.06,,,,,,24.06,,,EN,2021-12-14T23:00:00.000Z
GHED_PVT-D_pc_US_SHA2011,Domestic private health expenditure (PVT-D) per capita in US$,numeric,WPR,Western Pacific,Country,KOR,Republic of Korea,Year,,,,1062,2019,TRUE,,,,,,,,,,,,,1062,,,,,,"1,062",,,EN,2021-12-14T23:00:00.000Z
GHED_PVT-D_pc_US_SHA2011,Domestic private health expenditure (PVT-D) per capita in US$,numeric,EUR,Europe,Country,RUS,Russian Federation,Year,,,,253.8,2019,TRUE,,,,,,,,,,,,,253.8,,,,,,253.8,,,EN,2021-12-14T23:00:00.000Z
GHED_PVT-D_pc_US_SHA2011,Domestic private health expenditure (PVT-D) per capita in US$,numeric,AFR,Africa,Country,RWA,Rwanda,Year,,,,13.5,2019,TRUE,,,,,,,,,,,,,13.5,,,,,,13.5,,,EN,2021-12-14T23:00:00.000Z
GHED_PVT-D_pc_US_SHA2011,Domestic private health expenditure (PVT-D) per capita in US$,numeric,EUR,Europe,Country,ESP,Spain,Year,,,,796.6,2019,TRUE,,,,,,,,,,,,,796.6,,,,,,796.6,,,EN,2021-12-14T23:00:00.000Z
GHED_PVT-D_pc_US_SHA2011,Domestic private health expenditure (PVT-D) per capita in US$,numeric,SEAR,South-East Asia,Country,LKA,Sri Lanka,Year,,,,82.63,2019,TRUE,,,,,,,,,,,,,82.63,,,,,,82.63,,,EN,2021-12-14T23:00:00.000Z
GHED_PVT-D_pc_US_SHA2011,Domestic private health expenditure (PVT-D) per capita in US$,numeric,EMR,Eastern Mediterranean,Country,SDN,Sudan,Year,,,,33.2,2019,TRUE,,,,,,,,,,,,,33.2,,,,,,33.2,,,EN,2021-12-14T23:00:00.000Z
GHED_PVT-D_pc_US_SHA2011,Domestic private health expenditure (PVT-D) per capita in US$,numeric,AMR,Americas,Country,SUR,Suriname,Year,,,,169.6,2019,TRUE,,,,,,,,,,,,,169.6,,,,,,169.6,,,EN,2021-12-14T23:00:00.000Z
GHED_PVT-D_pc_US_SHA2011,Domestic private health expenditure (PVT-D) per capita in US$,numeric,EUR,Europe,Country,SWE,Sweden,Year,,,,857.3,2019,TRUE,,,,,,,,,,,,,857.3,,,,,,857.3,,,EN,2021-12-14T23:00:00.000Z
GHED_PVT-D_pc_US_SHA2011,Domestic private health expenditure (PVT-D) per capita in US$,numeric,EUR,Europe,Country,CHE,Switzerland,Year,,,,6563,2019,TRUE,,,,,,,,,,,,,6563,,,,,,"6,563",,,EN,2021-12-14T23:00:00.000Z
GHED_PVT-D_pc_US_SHA2011,Domestic private health expenditure (PVT-D) per capita in US$,numeric,EUR,Europe,Country,TJK,Tajikistan,Year,,,,44.15,2019,TRUE,,,,,,,,,,,,,44.15,,,,,,44.15,,,EN,2021-12-14T23:00:00.000Z
GHED_PVT-D_pc_US_SHA2011,Domestic private health expenditure (PVT-D) per capita in US$,numeric,SEAR,South-East Asia,Country,THA,Thailand,Year,,,,83.6,2019,TRUE,,,,,,,,,,,,,83.6,,,,,,83.6,,,EN,2021-12-14T23:00:00.000Z
GHED_PVT-D_pc_US_SHA2011,Domestic private health expenditure (PVT-D) per capita in US$,numeric,EUR,Europe,Country,MKD,The former Yugoslav Republic of Macedonia,Year,,,,179.3,2019,TRUE,,,,,,,,,,,,,179.3,,,,,,179.3,,,EN,2021-12-14T23:00:00.000Z
GHED_PVT-D_pc_US_SHA2011,Domestic private health expenditure (PVT-D) per capita in US$,numeric,SEAR,South-East Asia,Country,TLS,Timor-Leste,Year,,,,12.1,2019,TRUE,,,,,,,,,,,,,12.1,,,,,,12.1,,,EN,2021-12-14T23:00:00.000Z
GHED_PVT-D_pc_US_SHA2011,Domestic private health expenditure (PVT-D) per capita in US$,numeric,AFR,Africa,Country,TGO,Togo,Year,,,,38.78,2019,TRUE,,,,,,,,,,,,,38.78,,,,,,38.78,,,EN,2021-12-14T23:00:00.000Z
GHED_PVT-D_pc_US_SHA2011,Domestic private health expenditure (PVT-D) per capita in US$,numeric,WPR,Western Pacific,Country,TON,Tonga,Year,,,,33.18,2019,TRUE,,,,,,,,,,,,,33.18,,,,,,33.18,,,EN,2021-12-14T23:00:00.000Z
GHED_PVT-D_pc_US_SHA2011,Domestic private health expenditure (PVT-D) per capita in US$,numeric,AMR,Americas,Country,TTO,Trinidad and Tobago,Year,,,,630.2,2019,TRUE,,,,,,,,,,,,,630.2,,,,,,630.2,,,EN,2021-12-14T23:00:00.000Z
GHED_PVT-D_pc_US_SHA2011,Domestic private health expenditure (PVT-D) per capita in US$,numeric,EMR,Eastern Mediterranean,Country,TUN,Tunisia,Year,,,,99.05,2019,TRUE,,,,,,,,,,,,,99.05,,,,,,99.05,,,EN,2021-12-14T23:00:00.000Z
GHED_PVT-D_pc_US_SHA2011,Domestic private health expenditure (PVT-D) per capita in US$,numeric,EUR,Europe,Country,TUR,Turkey,Year,,,,87.55,2019,TRUE,,,,,,,,,,,,,87.55,,,,,,87.55,,,EN,2021-12-14T23:00:00.000Z
GHED_PVT-D_pc_US_SHA2011,Domestic private health expenditure (PVT-D) per capita in US$,numeric,EUR,Europe,Country,TKM,Turkmenistan,Year,,,,409.5,2019,TRUE,,,,,,,,,,,,,409.5,,,,,,409.5,,,EN,2021-12-14T23:00:00.000Z
GHED_PVT-D_pc_US_SHA2011,Domestic private health expenditure (PVT-D) per capita in US$,numeric,WPR,Western Pacific,Country,TUV,Tuvalu,Year,,,,23.72,2019,TRUE,,,,,,,,,,,,,23.72,,,,,,23.72,,,EN,2021-12-14T23:00:00.000Z
GHED_PVT-D_pc_US_SHA2011,Domestic private health expenditure (PVT-D) per capita in US$,numeric,AFR,Africa,Country,UGA,Uganda,Year,,,,13.89,2019,TRUE,,,,,,,,,,,,,13.89,,,,,,13.89,,,EN,2021-12-14T23:00:00.000Z
GHED_PVT-D_pc_US_SHA2011,Domestic private health expenditure (PVT-D) per capita in US$,numeric,EUR,Europe,Country,UKR,Ukraine,Year,,,,135.3,2019,TRUE,,,,,,,,,,,,,135.3,,,,,,135.3,,,EN,2021-12-14T23:00:00.000Z
GHED_PVT-D_pc_US_SHA2011,Domestic private health expenditure (PVT-D) per capita in US$,numeric,EMR,Eastern Mediterranean,Country,ARE,United Arab Emirates,Year,,,,879,2019,TRUE,,,,,,,,,,,,,879,,,,,,879,,,EN,2021-12-14T23:00:00.000Z
GHED_PVT-D_pc_US_SHA2011,Domestic private health expenditure (PVT-D) per capita in US$,numeric,EUR,Europe,Country,GBR,United Kingdom of Great Britain and Northern Ireland,Year,,,,884.9,2019,TRUE,,,,,,,,,,,,,884.9,,,,,,884.9,,,EN,2021-12-14T23:00:00.000Z
GHED_PVT-D_pc_US_SHA2011,Domestic private health expenditure (PVT-D) per capita in US$,numeric,AFR,Africa,Country,TZA,United Republic of Tanzania,Year,,,,9.27,2019,TRUE,,,,,,,,,,,,,9.27,,,,,,9.27,,,EN,2021-12-14T23:00:00.000Z
GHED_PVT-D_pc_US_SHA2011,Domestic private health expenditure (PVT-D) per capita in US$,numeric,AMR,Americas,Country,USA,United States of America,Year,,,,5368,2019,TRUE,,,,,,,,,,,,,5368,,,,,,"5,368",,,EN,2021-12-14T23:00:00.000Z
GHED_PVT-D_pc_US_SHA2011,Domestic private health expenditure (PVT-D) per capita in US$,numeric,WPR,Western Pacific,Country,VNM,Viet Nam,Year,,,,99.81,2019,TRUE,,,,,,,,,,,,,99.81,,,,,,99.81,,,EN,2021-12-14T23:00:00.000Z
GHED_PVT-D_pc_US_SHA2011,Domestic private health expenditure (PVT-D) per capita in US$,numeric,AFR,Africa,Country,ZMB,Zambia,Year,,,,11.24,2019,TRUE,,,,,,,,,,,,,11.24,,,,,,11.24,,,EN,2021-12-14T23:00:00.000Z
GHED_PVT-D_pc_US_SHA2011,Domestic private health expenditure (PVT-D) per capita in US$,numeric,AFR,Africa,Country,ZWE,Zimbabwe,Year,,,,54.41,2019,TRUE,,,,,,,,,,,,,54.41,,,,,,54.41,,,EN,2021-12-14T23:00:00.000Z